========== New Cold Start Attempt (2026-08-02T15:31:31.8014008+00:00) ==========
2026-08-02T15:31:31.8014008+00:00 ContainerStatus: Site started.
2026-08-02T15:31:31.8069143+00:00 ContainerStatus: State: Started, Action: None, LastError: , LastErrorTimestamp: 01/01/0001 00:00:00, LastErrorDetails: , Details: Site started at 08/02/2026 15:31:31 (UTC), DetailsLevel: INFO
2026-08-02T15:31:31.8738780+00:00 ContainerStatus: Site is running with patch version JAVA-21.0.9
2026-08-02T15:31:51.5107498+00:00 ContainerStatus: State: Starting, Action: EstablishingSiteNetworks, LastError: , LastErrorTimestamp: 01/01/0001 00:00:00, LastErrorDetails: , Details: , DetailsLevel: INFO
2026-08-02T15:31:53.5924482+00:00 ContainerStatus: State: Starting, Action: StartingSiteContainers, LastError: , LastErrorTimestamp: 01/01/0001 00:00:00, LastErrorDetails: , Details: , DetailsLevel: INFO
2026-08-02T15:31:53.6283579+00:00 ContainerStatus: Container start method called.
2026-08-02T15:31:53.6288025+00:00 ContainerStatus: State: Starting, Action: PullingImage, LastError: , LastErrorTimestamp: 01/01/0001 00:00:00, LastErrorDetails: , Details: Pulling image 10.1.0.5:13209/azure-app-service/java:21.0.9-r260110 for ahmad-securebank-app., DetailsLevel: INFO
2026-08-02T15:31:53.6290153+00:00 ContainerStatus: Establishing network.
2026-08-02T15:31:53.6390231+00:00 ContainerStatus: Pulling image: azure-app-service/java:21.0.9-r260110.
2026-08-02T15:31:54.2741674+00:00 ContainerStatus: Image azure-app-service/java:21.0.9-r260110 is pulled from registry 10.1.0.5:13209
2026-08-02T15:31:54.2743386+00:00 ContainerStatus: Container is starting.
2026-08-02T15:31:54.3100903+00:00 ContainerStatus: State: Starting, Action: MountingVolumes, LastError: , LastErrorTimestamp: 01/01/0001 00:00:00, LastErrorDetails: , Details: Mounting volumes for ahmad-securebank-app., DetailsLevel: INFO
2026-08-02T15:31:54.3103148+00:00 ContainerStatus: Establishing user namespace if not established already.
2026-08-02T15:31:54.3104165+00:00 ContainerStatus: Establishing network if not established already.
2026-08-02T15:31:54.3105620+00:00 ContainerStatus: Mounting volumes.
2026-08-02T15:31:54.3208027+00:00 ContainerStatus: Nested mountpoint 
2026-08-02T15:31:54.3730689+00:00 ContainerStatus: Nested mountpoint volatile/logs
2026-08-02T15:31:54.4292713+00:00 ContainerStatus: Nested mountpoint 
2026-08-02T15:31:54.4313546+00:00 ContainerStatus: Nested mountpoint 
2026-08-02T15:31:54.6399142+00:00 ContainerStatus: State: Starting, Action: CreatingContainer, LastError: , LastErrorTimestamp: 01/01/0001 00:00:00, LastErrorDetails: , Details: Finished pulling container image and mounting volumes for ahmad-securebank-app. Allocatinng the rest of the container resources to finish container creation., DetailsLevel: INFO
2026-08-02T15:31:54.6400843+00:00 ContainerStatus: Creating container.
2026-08-02T15:31:54.6401895+00:00 ContainerStatus: Creating pipes for streaming container io.
2026-08-02T15:31:54.6402789+00:00 ContainerStatus: Creating stdout named pipe at /podr/container/pipe/c535eaf676d9_ahmad-securebank-app/stdout_d6c5678f759342799da99714624f6442.
2026-08-02T15:31:54.7774857+00:00 ContainerStatus: Successfully created stdout named pipe at: /podr/container/pipe/c535eaf676d9_ahmad-securebank-app/stdout_d6c5678f759342799da99714624f6442.
2026-08-02T15:31:54.7778861+00:00 ContainerStatus: Opening named pipe /podr/container/pipe/c535eaf676d9_ahmad-securebank-app/stdout_d6c5678f759342799da99714624f6442 for reading in non-blocking mode.
2026-08-02T15:31:54.7780739+00:00 ContainerStatus: Successfully opened named pipe: /podr/container/pipe/c535eaf676d9_ahmad-securebank-app/stdout_d6c5678f759342799da99714624f6442.
2026-08-02T15:31:54.7782090+00:00 ContainerStatus: Successfully removed non-blocking flag from /podr/container/pipe/c535eaf676d9_ahmad-securebank-app/stdout_d6c5678f759342799da99714624f6442.
2026-08-02T15:31:54.7783656+00:00 ContainerStatus: Creating stderr named pipe at /podr/container/pipe/c535eaf676d9_ahmad-securebank-app/stderr_02e9a0cf78a241b9b1a2f445be6a8dc7.
2026-08-02T15:31:54.7785165+00:00 ContainerStatus: Successfully created stderr named pipe at: /podr/container/pipe/c535eaf676d9_ahmad-securebank-app/stderr_02e9a0cf78a241b9b1a2f445be6a8dc7.
2026-08-02T15:31:54.7786208+00:00 ContainerStatus: Opening named pipe /podr/container/pipe/c535eaf676d9_ahmad-securebank-app/stderr_02e9a0cf78a241b9b1a2f445be6a8dc7 for reading in non-blocking mode.
2026-08-02T15:31:54.7787266+00:00 ContainerStatus: Successfully opened named pipe: /podr/container/pipe/c535eaf676d9_ahmad-securebank-app/stderr_02e9a0cf78a241b9b1a2f445be6a8dc7.
2026-08-02T15:31:54.7788313+00:00 ContainerStatus: Successfully removed non-blocking flag from /podr/container/pipe/c535eaf676d9_ahmad-securebank-app/stderr_02e9a0cf78a241b9b1a2f445be6a8dc7.
2026-08-02T15:31:54.7789538+00:00 ContainerStatus: Creating container with image: azure-app-service/java:21.0.9-r260110 from registry: 10.1.0.5:13209 and fully qualified image name: 10.1.0.5:13209/azure-app-service/java:21.0.9-r260110
2026-08-02T15:31:56.2317385+00:00 ContainerStatus: Starting container: c535eaf676d9_ahmad-securebank-app.
2026-08-02T15:31:56.4767665+00:00 ContainerStatus: Starting watchers and probes.
2026-08-02T15:31:56.4798811+00:00 ContainerStatus: Starting metrics collection.
2026-08-02T15:31:56.4800290+00:00 ContainerStatus: Container is running.
2026-08-02T15:31:56.4801087+00:00 ContainerStatus: State: Starting, Action: CreatingContainer, LastError: , LastErrorTimestamp: 01/01/0001 00:00:00, LastErrorDetails: , Details: Container ahmad-securebank-app successfully created and is running., DetailsLevel: INFO
2026-08-02T15:31:56.6148480+00:00 ContainerStream:    _|_|                                            
2026-08-02T15:31:56.6150261+00:00 ContainerStream:  _|    _|  _|_|_|_|  _|    _|  _|  _|_|    _|_|    
2026-08-02T15:31:56.6150370+00:00 ContainerStream:  _|_|_|_|      _|    _|    _|  _|_|      _|_|_|_|  
2026-08-02T15:31:56.6150483+00:00 ContainerStream:  _|    _|    _|      _|    _|  _|        _|        
2026-08-02T15:31:56.6150565+00:00 ContainerStream:  _|    _|  _|_|_|_|    _|_|_|  _|          _|_|_|
2026-08-02T15:31:56.6150626+00:00 ContainerStream: 
2026-08-02T15:31:56.6150684+00:00 ContainerStream:      J A V A   O N   A P P   S E R V I C E
2026-08-02T15:31:56.6150719+00:00 ContainerStream: 
2026-08-02T15:31:56.6150767+00:00 ContainerStream: Documentation: https://aka.ms/appservice
2026-08-02T15:31:56.6150829+00:00 ContainerStream: 
2026-08-02T15:31:56.6150963+00:00 ContainerStream: **NOTE**: No files or system changes outside of /home will persist beyond your application's current session. /home is your application's persistent storage and is shared across all the server instances.
2026-08-02T15:31:56.6151008+00:00 ContainerStream: 
2026-08-02T15:31:56.6151042+00:00 ContainerStream: 
2026-08-02T15:31:56.6151086+00:00 ContainerStream: Determined OS to be: ubuntu
2026-08-02T15:31:56.6151137+00:00 ContainerStream: Updating /etc/ssh/sshd_config to use PORT 2222
2026-08-02T15:31:56.6928486+00:00 ContainerStream: Starting ssh service...
2026-08-02T15:31:57.0080515+00:00 ContainerStatus: Container start method finished after 3379 ms.
2026-08-02T15:31:57.0082637+00:00 ContainerStatus: State: Starting, Action: InitiatingSiteWarmUpProbe, LastError: , LastErrorTimestamp: 01/01/0001 00:00:00, LastErrorDetails: , Details: Container ahmad-securebank-app successfully created and is running., DetailsLevel: INFO
2026-08-02T15:31:57.0083013+00:00 ContainerStatus: State: Starting, Action: WaitingForSiteWarmUpProbeSuccess, LastError: , LastErrorTimestamp: 01/01/0001 00:00:00, LastErrorDetails: , Details: Pinging warmup path to ensure container is ready to receive requests., DetailsLevel: INFO
2026-08-02T15:31:57.3835619+00:00 ContainerStream: ssh-keygen: generating new host keys: DSA 
2026-08-02T15:31:57.7768504+00:00 ContainerStream:  * Starting OpenBSD Secure Shell server sshd
2026-08-02T15:31:58.0147270+00:00 ContainerStream:    ...done.
2026-08-02T15:31:58.3304031+00:00 ContainerStream:  * sshd is running
2026-08-02T15:31:58.3305306+00:00 ContainerStream: ## Printing build info...
2026-08-02T15:31:58.3305414+00:00 ContainerStream:                                            PACKAGE |                             VERSION | COMMIT
2026-08-02T15:31:58.3305492+00:00 ContainerStream:        Microsoft.AppService.WebsitesExtensionsJava |                        1.0.03290234 | ae284a4
2026-08-02T15:31:58.3305827+00:00 ContainerStream:                                               self |                        1.0.03296336 | 76247a61
2026-08-02T15:31:58.3305869+00:00 ContainerStream: ## Done printing build info.
2026-08-02T15:31:58.3305947+00:00 ContainerStream: Container info: WEBSITE_INSTANCE_ID = 7d4ee311498b261eb996c3c5566ae5bbd227759952a6214551a3ab4312f134f3 ; WEBSITE_SITE_NAME = ahmad-securebank-app
2026-08-02T15:31:58.4469301+00:00 ContainerStream: Add public certificates to keystore if exists...
2026-08-02T15:31:58.4469812+00:00 ContainerStream: Add private certificates to keystore if exists...
2026-08-02T15:31:58.4753493+00:00 ContainerStream: Configuring max heap = 1299 MB
2026-08-02T15:31:58.7544732+00:00 ContainerStream: STARTUP_FILE=
2026-08-02T15:31:58.7545234+00:00 ContainerStream: STARTUP_COMMAND=java -jar /home/site/wwwroot/app.jar
2026-08-02T15:31:58.7545289+00:00 ContainerStream: No STARTUP_FILE available.
2026-08-02T15:31:58.7545343+00:00 ContainerStream: Running STARTUP_COMMAND: java -jar /home/site/wwwroot/app.jar
2026-08-02T15:31:58.9287284+00:00 ContainerStream: Finished running startup file 'java -jar /home/site/wwwroot/app.jar'. Exit code: '1'.
2026-08-02T15:31:58.9287790+00:00 ContainerStream: Custom startup complete. Now, exiting with exit code '1'
2026-08-02T15:31:58.9288553+00:00 ContainerStream: Error: Unable to access jarfile /home/site/wwwroot/app.jar
2026-08-02T15:31:59.3127532+00:00 ContainerStatus: Container has finished running with exit code: 1.
2026-08-02T15:31:59.3689713+00:00 ContainerStatus: Container is terminating. Grace period: 5 seconds.
2026-08-02T15:31:59.4219540+00:00 ContainerStatus: Stop and delete container. Retry count = 0
2026-08-02T15:31:59.4425080+00:00 ContainerStatus: Stopping container: c535eaf676d9_ahmad-securebank-app.
2026-08-02T15:31:59.6497793+00:00 ContainerStatus: Deleting container: c535eaf676d9_ahmad-securebank-app. Retry count = 0
2026-08-02T15:32:00.1942507+00:00 ContainerStatus: Container spec TerminationMessagePolicy  path 
2026-08-02T15:32:00.2226755+00:00 ContainerStatus: Container is terminated. Total time elapsed: 851 ms.
2026-08-02T15:32:00.2235322+00:00 ContainerStatus: Site container: ahmad-securebank-app terminated during site startup.
2026-08-02T15:32:00.2601329+00:00 ContainerStatus: State: Stopping, Action: CancellingStartup, LastError: , LastErrorTimestamp: 01/01/0001 00:00:00, LastErrorDetails: , Details: Site container: ahmad-securebank-app terminated during site startup. Cancelling site startup., DetailsLevel: ERR
2026-08-02T15:32:00.3095790+00:00 ContainerStatus: Site startup probe failed after 3.2902954 seconds.
2026-08-02T15:32:00.7128300+00:00 ContainerStatus: State: Stopping, Action: CancellingStartup, LastError: ContainerStartupFailure, LastErrorTimestamp: 08/02/2026 15:32:00, LastErrorDetails: Container exited with exit code 1 during startup after 3.7s. Please inspect your container logs for more details., Details: Site container: ahmad-securebank-app terminated during site startup. Cancelling site startup., DetailsLevel: ERR
2026-08-02T15:32:00.7619988+00:00 ContainerStatus: Failed to start site. Revert by stopping site.
2026-08-02T15:32:00.8023123+00:00 ContainerStatus: State: Stopping, Action: StoppingSite, LastError: ContainerStartupFailure, LastErrorTimestamp: 08/02/2026 15:32:00, LastErrorDetails: Container exited with exit code 1 during startup after 3.7s. Please inspect your container logs for more details., Details: Site container: ahmad-securebank-app terminated during site startup. Cancelling site startup., DetailsLevel: ERR
2026-08-02T15:32:00.8511067+00:00 ContainerStatus: State: Stopping, Action: StoppingSiteContainers, LastError: ContainerStartupFailure, LastErrorTimestamp: 08/02/2026 15:32:00, LastErrorDetails: Container exited with exit code 1 during startup after 3.7s. Please inspect your container logs for more details., Details: Site container: ahmad-securebank-app terminated during site startup. Cancelling site startup., DetailsLevel: ERR
2026-08-02T15:32:00.8521369+00:00 ContainerStatus: Site: ahmad-securebank-app stopped.
========== New Cold Start Attempt (2026-08-02T15:32:22.8361442+00:00) ==========
2026-08-02T15:32:22.8361442+00:00 ContainerStatus: State: Stopping, Action: StoppingSiteContainers, LastError: , LastErrorTimestamp: 01/01/0001 00:00:00, LastErrorDetails: , Details: Site started at 08/02/2026 15:31:31 (UTC), DetailsLevel: INFO
2026-08-02T15:32:22.8362723+00:00 ContainerStatus: Container is terminating. Grace period: 5 seconds.
2026-08-02T15:32:23.1786491+00:00 ContainerStatus: Stop and delete container. Retry count = 0
2026-08-02T15:32:23.1789732+00:00 ContainerStatus: Stopping container: c41fc776c9c6_ahmad-securebank-app.
2026-08-02T15:32:24.5546842+00:00 ContainerStream: [Previous Container] Received signal SIGTERM
2026-08-02T15:32:24.5547228+00:00 ContainerStream: [Previous Container] Sending SIGTERM to main process. Child Process ID: 75
2026-08-02T15:32:25.1275491+00:00 ContainerStream: [Previous Container] Done processing signal SIGTERM. Exiting now!
2026-08-02T15:32:25.3540534+00:00 ContainerStatus: Deleting container: c41fc776c9c6_ahmad-securebank-app. Retry count = 0
2026-08-02T15:32:26.0857714+00:00 ContainerStatus: Container spec TerminationMessagePolicy  path 
2026-08-02T15:32:26.0883317+00:00 ContainerStatus: Container is terminated. Total time elapsed: 3249 ms.
2026-08-02T15:32:26.1239623+00:00 ContainerStatus: Site: ahmad-securebank-app stopped.
2026-08-02T15:33:21.6055288+00:00 ContainerStatus: State: Starting, Action: EstablishingSiteNetworks, LastError: ContainerStartupFailure, LastErrorTimestamp: 08/02/2026 15:32:00, LastErrorDetails: Container exited with exit code 1 during startup after 3.7s. Please inspect your container logs for more details., Details: Site stopped at 08/02/2026 15:32:01 (UTC), DetailsLevel: ERR
2026-08-02T15:33:23.9052498+00:00 ContainerStatus: State: Starting, Action: StartingSiteContainers, LastError: ContainerStartupFailure, LastErrorTimestamp: 08/02/2026 15:32:00, LastErrorDetails: Container exited with exit code 1 during startup after 3.7s. Please inspect your container logs for more details., Details: Site stopped at 08/02/2026 15:32:01 (UTC), DetailsLevel: ERR
2026-08-02T15:33:23.9053319+00:00 ContainerStatus: Container start method called.
2026-08-02T15:33:23.9053808+00:00 ContainerStatus: State: Starting, Action: PullingImage, LastError: ContainerStartupFailure, LastErrorTimestamp: 08/02/2026 15:32:00, LastErrorDetails: Container exited with exit code 1 during startup after 3.7s. Please inspect your container logs for more details., Details: Pulling image 10.1.0.6:13209/azure-app-service/java:21.0.9-r260110 for ahmad-securebank-app., DetailsLevel: INFO
2026-08-02T15:33:23.9054440+00:00 ContainerStatus: Establishing network.
2026-08-02T15:33:23.9055154+00:00 ContainerStatus: Pulling image: azure-app-service/java:21.0.9-r260110.
2026-08-02T15:33:24.4189554+00:00 ContainerStatus: Container is starting.
2026-08-02T15:33:24.4193787+00:00 ContainerStatus: State: Starting, Action: MountingVolumes, LastError: ContainerStartupFailure, LastErrorTimestamp: 08/02/2026 15:32:00, LastErrorDetails: Container exited with exit code 1 during startup after 3.7s. Please inspect your container logs for more details., Details: Mounting volumes for ahmad-securebank-app., DetailsLevel: INFO
2026-08-02T15:33:24.4195489+00:00 ContainerStatus: Establishing user namespace if not established already.
2026-08-02T15:33:24.4198446+00:00 ContainerStatus: Establishing network if not established already.
2026-08-02T15:33:24.4203710+00:00 ContainerStatus: Mounting volumes.
2026-08-02T15:33:24.4209637+00:00 ContainerStatus: Nested mountpoint 
2026-08-02T15:33:24.4753405+00:00 ContainerStatus: Nested mountpoint volatile/logs
2026-08-02T15:33:24.5320297+00:00 ContainerStatus: Nested mountpoint 
2026-08-02T15:33:24.5536775+00:00 ContainerStatus: Nested mountpoint 
2026-08-02T15:33:24.7156465+00:00 ContainerStatus: State: Starting, Action: CreatingContainer, LastError: ContainerStartupFailure, LastErrorTimestamp: 08/02/2026 15:32:00, LastErrorDetails: Container exited with exit code 1 during startup after 3.7s. Please inspect your container logs for more details., Details: Finished pulling container image and mounting volumes for ahmad-securebank-app. Allocatinng the rest of the container resources to finish container creation., DetailsLevel: INFO
2026-08-02T15:33:24.7159216+00:00 ContainerStatus: Creating container.
2026-08-02T15:33:24.7163839+00:00 ContainerStatus: Creating pipes for streaming container io.
2026-08-02T15:33:24.7167534+00:00 ContainerStatus: Creating stdout named pipe at /podr/container/pipe/bcf973430080_ahmad-securebank-app/stdout_85adee8ec5cc462c8c5a46c4dd988e84.
2026-08-02T15:33:24.7170705+00:00 ContainerStatus: Successfully created stdout named pipe at: /podr/container/pipe/bcf973430080_ahmad-securebank-app/stdout_85adee8ec5cc462c8c5a46c4dd988e84.
2026-08-02T15:33:24.7839953+00:00 ContainerStatus: Opening named pipe /podr/container/pipe/bcf973430080_ahmad-securebank-app/stdout_85adee8ec5cc462c8c5a46c4dd988e84 for reading in non-blocking mode.
2026-08-02T15:33:24.7842869+00:00 ContainerStatus: Successfully opened named pipe: /podr/container/pipe/bcf973430080_ahmad-securebank-app/stdout_85adee8ec5cc462c8c5a46c4dd988e84.
2026-08-02T15:33:24.7916134+00:00 ContainerStatus: Successfully removed non-blocking flag from /podr/container/pipe/bcf973430080_ahmad-securebank-app/stdout_85adee8ec5cc462c8c5a46c4dd988e84.
2026-08-02T15:33:24.7922258+00:00 ContainerStatus: Creating stderr named pipe at /podr/container/pipe/bcf973430080_ahmad-securebank-app/stderr_3dd3b277866c43fd844f252cd7fee166.
2026-08-02T15:33:24.7931406+00:00 ContainerStatus: Successfully created stderr named pipe at: /podr/container/pipe/bcf973430080_ahmad-securebank-app/stderr_3dd3b277866c43fd844f252cd7fee166.
2026-08-02T15:33:24.7932182+00:00 ContainerStatus: Opening named pipe /podr/container/pipe/bcf973430080_ahmad-securebank-app/stderr_3dd3b277866c43fd844f252cd7fee166 for reading in non-blocking mode.
2026-08-02T15:33:24.7933038+00:00 ContainerStatus: Successfully opened named pipe: /podr/container/pipe/bcf973430080_ahmad-securebank-app/stderr_3dd3b277866c43fd844f252cd7fee166.
2026-08-02T15:33:24.7933747+00:00 ContainerStatus: Successfully removed non-blocking flag from /podr/container/pipe/bcf973430080_ahmad-securebank-app/stderr_3dd3b277866c43fd844f252cd7fee166.
2026-08-02T15:33:24.7939616+00:00 ContainerStatus: Creating container with image: azure-app-service/java:21.0.9-r260110 from registry: 10.1.0.6:13209 and fully qualified image name: 10.1.0.6:13209/azure-app-service/java:21.0.9-r260110
2026-08-02T15:33:26.6050309+00:00 ContainerStatus: Starting container: bcf973430080_ahmad-securebank-app.
2026-08-02T15:33:26.7402810+00:00 ContainerStatus: Starting watchers and probes.
2026-08-02T15:33:26.7413176+00:00 ContainerStatus: Starting metrics collection.
2026-08-02T15:33:26.7486551+00:00 ContainerStatus: Container is running.
2026-08-02T15:33:26.7492027+00:00 ContainerStatus: State: Starting, Action: CreatingContainer, LastError: ContainerStartupFailure, LastErrorTimestamp: 08/02/2026 15:32:00, LastErrorDetails: Container exited with exit code 1 during startup after 3.7s. Please inspect your container logs for more details., Details: Container ahmad-securebank-app successfully created and is running., DetailsLevel: INFO
2026-08-02T15:33:26.8766497+00:00 ContainerStatus: Container start method finished after 2971 ms.
2026-08-02T15:33:26.8778172+00:00 ContainerStatus: State: Starting, Action: InitiatingSiteWarmUpProbe, LastError: ContainerStartupFailure, LastErrorTimestamp: 08/02/2026 15:32:00, LastErrorDetails: Container exited with exit code 1 during startup after 3.7s. Please inspect your container logs for more details., Details: Container ahmad-securebank-app successfully created and is running., DetailsLevel: INFO
2026-08-02T15:33:26.8854499+00:00 ContainerStatus: State: Starting, Action: WaitingForSiteWarmUpProbeSuccess, LastError: ContainerStartupFailure, LastErrorTimestamp: 08/02/2026 15:32:00, LastErrorDetails: Container exited with exit code 1 during startup after 3.7s. Please inspect your container logs for more details., Details: Pinging warmup path to ensure container is ready to receive requests., DetailsLevel: INFO
2026-08-02T15:33:27.1596512+00:00 ContainerStream:    _|_|                                            
2026-08-02T15:33:27.1599356+00:00 ContainerStream:  _|    _|  _|_|_|_|  _|    _|  _|  _|_|    _|_|    
2026-08-02T15:33:27.1599643+00:00 ContainerStream:  _|_|_|_|      _|    _|    _|  _|_|      _|_|_|_|  
2026-08-02T15:33:27.1599703+00:00 ContainerStream:  _|    _|    _|      _|    _|  _|        _|        
2026-08-02T15:33:27.1599753+00:00 ContainerStream:  _|    _|  _|_|_|_|    _|_|_|  _|          _|_|_|
2026-08-02T15:33:27.1600127+00:00 ContainerStream: 
2026-08-02T15:33:27.1600496+00:00 ContainerStream:      J A V A   O N   A P P   S E R V I C E
2026-08-02T15:33:27.1600536+00:00 ContainerStream: 
2026-08-02T15:33:27.1600609+00:00 ContainerStream: Documentation: https://aka.ms/appservice
2026-08-02T15:33:27.1600654+00:00 ContainerStream: 
2026-08-02T15:33:27.1600751+00:00 ContainerStream: **NOTE**: No files or system changes outside of /home will persist beyond your application's current session. /home is your application's persistent storage and is shared across all the server instances.
2026-08-02T15:33:27.1600789+00:00 ContainerStream: 
2026-08-02T15:33:27.1600822+00:00 ContainerStream: 
2026-08-02T15:33:27.1798657+00:00 ContainerStream: Determined OS to be: ubuntu
2026-08-02T15:33:27.1799752+00:00 ContainerStream: Updating /etc/ssh/sshd_config to use PORT 2222
2026-08-02T15:33:27.2835486+00:00 ContainerStream: Starting ssh service...
2026-08-02T15:33:27.8675184+00:00 ContainerStream: ssh-keygen: generating new host keys: DSA 
2026-08-02T15:33:28.4887176+00:00 ContainerStream:  * Starting OpenBSD Secure Shell server sshd
2026-08-02T15:33:28.7641965+00:00 ContainerStream:    ...done.
2026-08-02T15:33:28.9705717+00:00 ContainerStream:  * sshd is running
2026-08-02T15:33:28.9994118+00:00 ContainerStream: ## Printing build info...
2026-08-02T15:33:29.0073764+00:00 ContainerStream:                                            PACKAGE |                             VERSION | COMMIT
2026-08-02T15:33:29.0073988+00:00 ContainerStream:        Microsoft.AppService.WebsitesExtensionsJava |                        1.0.03290234 | ae284a4
2026-08-02T15:33:29.0074036+00:00 ContainerStream:                                               self |                        1.0.03296336 | 76247a61
2026-08-02T15:33:29.0275198+00:00 ContainerStream: ## Done printing build info.
2026-08-02T15:33:29.0546414+00:00 ContainerStream: Container info: WEBSITE_INSTANCE_ID = 7d4ee311498b261eb996c3c5566ae5bbd227759952a6214551a3ab4312f134f3 ; WEBSITE_SITE_NAME = ahmad-securebank-app
2026-08-02T15:33:29.1422607+00:00 ContainerStream: Add public certificates to keystore if exists...
2026-08-02T15:33:29.1423142+00:00 ContainerStream: Add private certificates to keystore if exists...
2026-08-02T15:33:29.1423192+00:00 ContainerStream: Configuring max heap = 1299 MB
2026-08-02T15:33:29.2291751+00:00 ContainerStream: STARTUP_FILE=
2026-08-02T15:33:29.2292268+00:00 ContainerStream: STARTUP_COMMAND=java -jar /home/site/wwwroot/app.jar
2026-08-02T15:33:29.2292327+00:00 ContainerStream: No STARTUP_FILE available.
2026-08-02T15:33:29.2292364+00:00 ContainerStream: Running STARTUP_COMMAND: java -jar /home/site/wwwroot/app.jar
2026-08-02T15:33:29.3335428+00:00 ContainerStream: Finished running startup file 'java -jar /home/site/wwwroot/app.jar'. Exit code: '1'.
2026-08-02T15:33:29.3335923+00:00 ContainerStream: Custom startup complete. Now, exiting with exit code '1'
2026-08-02T15:33:29.3340982+00:00 ContainerStream: Error: Unable to access jarfile /home/site/wwwroot/app.jar
2026-08-02T15:33:29.3350610+00:00 ContainerStatus: Container has finished running with exit code: 1.
2026-08-02T15:33:29.3351814+00:00 ContainerStatus: Container is terminating. Grace period: 5 seconds.
2026-08-02T15:33:29.3367265+00:00 ContainerStatus: Stop and delete container. Retry count = 0
2026-08-02T15:33:29.3368264+00:00 ContainerStatus: Stopping container: bcf973430080_ahmad-securebank-app.
2026-08-02T15:33:29.5234025+00:00 ContainerStatus: Deleting container: bcf973430080_ahmad-securebank-app. Retry count = 0
2026-08-02T15:33:29.7715451+00:00 ContainerStatus: Container spec TerminationMessagePolicy  path 
2026-08-02T15:33:29.7787797+00:00 ContainerStatus: Container is terminated. Total time elapsed: 436 ms.
2026-08-02T15:33:29.7793448+00:00 ContainerStatus: Site container: ahmad-securebank-app terminated during site startup.
2026-08-02T15:33:29.7800480+00:00 ContainerStatus: State: Stopping, Action: CancellingStartup, LastError: ContainerStartupFailure, LastErrorTimestamp: 08/02/2026 15:32:00, LastErrorDetails: Container exited with exit code 1 during startup after 3.7s. Please inspect your container logs for more details., Details: Site container: ahmad-securebank-app terminated during site startup. Cancelling site startup., DetailsLevel: ERR
2026-08-02T15:33:29.7983422+00:00 ContainerStatus: Site startup probe failed after 2.9099486 seconds.
2026-08-02T15:33:30.1837901+00:00 ContainerStatus: State: Stopping, Action: CancellingStartup, LastError: ContainerStartupFailure, LastErrorTimestamp: 08/02/2026 15:33:30, LastErrorDetails: Container exited with exit code 1 during startup after 3.0s. Please inspect your container logs for more details., Details: Site container: ahmad-securebank-app terminated during site startup. Cancelling site startup., DetailsLevel: ERR
2026-08-02T15:33:30.1856941+00:00 ContainerStatus: Failed to start site. Revert by stopping site.
2026-08-02T15:33:30.1869355+00:00 ContainerStatus: State: Stopping, Action: StoppingSite, LastError: ContainerStartupFailure, LastErrorTimestamp: 08/02/2026 15:33:30, LastErrorDetails: Container exited with exit code 1 during startup after 3.0s. Please inspect your container logs for more details., Details: Site container: ahmad-securebank-app terminated during site startup. Cancelling site startup., DetailsLevel: ERR
2026-08-02T15:33:30.1944189+00:00 ContainerStatus: State: Stopping, Action: StoppingSiteContainers, LastError: ContainerStartupFailure, LastErrorTimestamp: 08/02/2026 15:33:30, LastErrorDetails: Container exited with exit code 1 during startup after 3.0s. Please inspect your container logs for more details., Details: Site container: ahmad-securebank-app terminated during site startup. Cancelling site startup., DetailsLevel: ERR
2026-08-02T15:33:30.1944661+00:00 ContainerStatus: Site: ahmad-securebank-app stopped.
========== New Cold Start Attempt (2026-08-02T15:36:09.1162493+00:00) ==========
2026-08-02T15:36:09.1162493+00:00 ContainerStatus: State: Starting, Action: EstablishingSiteNetworks, LastError: ContainerStartupFailure, LastErrorTimestamp: 08/02/2026 15:33:30, LastErrorDetails: Container exited with exit code 1 during startup after 3.0s. Please inspect your container logs for more details., Details: Site stopped at 08/02/2026 15:33:31 (UTC), DetailsLevel: ERR
2026-08-02T15:36:21.1314798+00:00 ContainerStatus: State: Starting, Action: StartingSiteContainers, LastError: ContainerStartupFailure, LastErrorTimestamp: 08/02/2026 15:33:30, LastErrorDetails: Container exited with exit code 1 during startup after 3.0s. Please inspect your container logs for more details., Details: Site stopped at 08/02/2026 15:33:31 (UTC), DetailsLevel: ERR
2026-08-02T15:36:21.1315742+00:00 ContainerStatus: Container start method called.
2026-08-02T15:36:21.1316153+00:00 ContainerStatus: State: Starting, Action: PullingImage, LastError: ContainerStartupFailure, LastErrorTimestamp: 08/02/2026 15:33:30, LastErrorDetails: Container exited with exit code 1 during startup after 3.0s. Please inspect your container logs for more details., Details: Pulling image 10.1.0.6:13209/azure-app-service/java:21.0.9-r260110 for ahmad-securebank-app., DetailsLevel: INFO
2026-08-02T15:36:21.1317052+00:00 ContainerStatus: Establishing network.
2026-08-02T15:36:21.1317642+00:00 ContainerStatus: Pulling image: azure-app-service/java:21.0.9-r260110.
2026-08-02T15:36:21.5054256+00:00 ContainerStatus: Container is starting.
2026-08-02T15:36:21.5055534+00:00 ContainerStatus: State: Starting, Action: MountingVolumes, LastError: ContainerStartupFailure, LastErrorTimestamp: 08/02/2026 15:33:30, LastErrorDetails: Container exited with exit code 1 during startup after 3.0s. Please inspect your container logs for more details., Details: Mounting volumes for ahmad-securebank-app., DetailsLevel: INFO
2026-08-02T15:36:21.5056100+00:00 ContainerStatus: Establishing user namespace if not established already.
2026-08-02T15:36:21.5056777+00:00 ContainerStatus: Establishing network if not established already.
2026-08-02T15:36:21.5057539+00:00 ContainerStatus: Mounting volumes.
2026-08-02T15:36:21.5325390+00:00 ContainerStatus: Nested mountpoint 
2026-08-02T15:36:21.5354855+00:00 ContainerStatus: Nested mountpoint volatile/logs
2026-08-02T15:36:21.5924627+00:00 ContainerStatus: Nested mountpoint 
2026-08-02T15:36:21.6126608+00:00 ContainerStatus: Nested mountpoint 
2026-08-02T15:36:21.6421508+00:00 ContainerStatus: State: Starting, Action: CreatingContainer, LastError: ContainerStartupFailure, LastErrorTimestamp: 08/02/2026 15:33:30, LastErrorDetails: Container exited with exit code 1 during startup after 3.0s. Please inspect your container logs for more details., Details: Finished pulling container image and mounting volumes for ahmad-securebank-app. Allocatinng the rest of the container resources to finish container creation., DetailsLevel: INFO
2026-08-02T15:36:21.6429766+00:00 ContainerStatus: Creating container.
2026-08-02T15:36:21.6432327+00:00 ContainerStatus: Creating pipes for streaming container io.
2026-08-02T15:36:21.6439380+00:00 ContainerStatus: Creating stdout named pipe at /podr/container/pipe/da166ebf7d5f_ahmad-securebank-app/stdout_7a697b5732bc44a98b2555589c42fdc1.
2026-08-02T15:36:21.6448398+00:00 ContainerStatus: Successfully created stdout named pipe at: /podr/container/pipe/da166ebf7d5f_ahmad-securebank-app/stdout_7a697b5732bc44a98b2555589c42fdc1.
2026-08-02T15:36:21.6521860+00:00 ContainerStatus: Opening named pipe /podr/container/pipe/da166ebf7d5f_ahmad-securebank-app/stdout_7a697b5732bc44a98b2555589c42fdc1 for reading in non-blocking mode.
2026-08-02T15:36:21.6522744+00:00 ContainerStatus: Successfully opened named pipe: /podr/container/pipe/da166ebf7d5f_ahmad-securebank-app/stdout_7a697b5732bc44a98b2555589c42fdc1.
2026-08-02T15:36:21.6523344+00:00 ContainerStatus: Successfully removed non-blocking flag from /podr/container/pipe/da166ebf7d5f_ahmad-securebank-app/stdout_7a697b5732bc44a98b2555589c42fdc1.
2026-08-02T15:36:21.6524610+00:00 ContainerStatus: Creating stderr named pipe at /podr/container/pipe/da166ebf7d5f_ahmad-securebank-app/stderr_ae10cb3b11c1407584a581f4991bc371.
2026-08-02T15:36:21.6531194+00:00 ContainerStatus: Successfully created stderr named pipe at: /podr/container/pipe/da166ebf7d5f_ahmad-securebank-app/stderr_ae10cb3b11c1407584a581f4991bc371.
2026-08-02T15:36:21.6532196+00:00 ContainerStatus: Opening named pipe /podr/container/pipe/da166ebf7d5f_ahmad-securebank-app/stderr_ae10cb3b11c1407584a581f4991bc371 for reading in non-blocking mode.
2026-08-02T15:36:21.6533052+00:00 ContainerStatus: Successfully opened named pipe: /podr/container/pipe/da166ebf7d5f_ahmad-securebank-app/stderr_ae10cb3b11c1407584a581f4991bc371.
2026-08-02T15:36:21.6533624+00:00 ContainerStatus: Successfully removed non-blocking flag from /podr/container/pipe/da166ebf7d5f_ahmad-securebank-app/stderr_ae10cb3b11c1407584a581f4991bc371.
2026-08-02T15:36:21.6534602+00:00 ContainerStatus: Overriding PORT environment variable with pre-calculated port: 80.
2026-08-02T15:36:21.6535095+00:00 ContainerStatus: Setting value of PORT variable to 80
2026-08-02T15:36:21.6537193+00:00 ContainerStatus: Creating container with image: azure-app-service/java:21.0.9-r260110 from registry: 10.1.0.6:13209 and fully qualified image name: 10.1.0.6:13209/azure-app-service/java:21.0.9-r260110
2026-08-02T15:36:22.1693251+00:00 ContainerStatus: Starting container: da166ebf7d5f_ahmad-securebank-app.
2026-08-02T15:36:22.2991193+00:00 ContainerStatus: Starting watchers and probes.
2026-08-02T15:36:22.3085449+00:00 ContainerStatus: Starting metrics collection.
2026-08-02T15:36:22.3103411+00:00 ContainerStatus: Container is running.
2026-08-02T15:36:22.3659822+00:00 ContainerStatus: State: Starting, Action: CreatingContainer, LastError: ContainerStartupFailure, LastErrorTimestamp: 08/02/2026 15:33:30, LastErrorDetails: Container exited with exit code 1 during startup after 3.0s. Please inspect your container logs for more details., Details: Container ahmad-securebank-app successfully created and is running., DetailsLevel: INFO
2026-08-02T15:36:22.4843923+00:00 ContainerStatus: Container start method finished after 1352 ms.
2026-08-02T15:36:22.4930313+00:00 ContainerStatus: State: Starting, Action: InitiatingSiteWarmUpProbe, LastError: ContainerStartupFailure, LastErrorTimestamp: 08/02/2026 15:33:30, LastErrorDetails: Container exited with exit code 1 during startup after 3.0s. Please inspect your container logs for more details., Details: Container ahmad-securebank-app successfully created and is running., DetailsLevel: INFO
2026-08-02T15:36:22.4931572+00:00 ContainerStatus: State: Starting, Action: WaitingForSiteWarmUpProbeSuccess, LastError: ContainerStartupFailure, LastErrorTimestamp: 08/02/2026 15:33:30, LastErrorDetails: Container exited with exit code 1 during startup after 3.0s. Please inspect your container logs for more details., Details: Pinging warmup path to ensure container is ready to receive requests., DetailsLevel: INFO
2026-08-02T15:36:22.6647678+00:00 ContainerStream:    _|_|                                            
2026-08-02T15:36:22.6649602+00:00 ContainerStream:  _|    _|  _|_|_|_|  _|    _|  _|  _|_|    _|_|    
2026-08-02T15:36:22.6649675+00:00 ContainerStream:  _|_|_|_|      _|    _|    _|  _|_|      _|_|_|_|  
2026-08-02T15:36:22.6649706+00:00 ContainerStream:  _|    _|    _|      _|    _|  _|        _|        
2026-08-02T15:36:22.6649734+00:00 ContainerStream:  _|    _|  _|_|_|_|    _|_|_|  _|          _|_|_|
2026-08-02T15:36:22.6649796+00:00 ContainerStream: 
2026-08-02T15:36:22.6649847+00:00 ContainerStream:      J A V A   O N   A P P   S E R V I C E
2026-08-02T15:36:22.6649913+00:00 ContainerStream: 
2026-08-02T15:36:22.6649944+00:00 ContainerStream: Documentation: https://aka.ms/appservice
2026-08-02T15:36:22.6649974+00:00 ContainerStream: 
2026-08-02T15:36:22.6650024+00:00 ContainerStream: **NOTE**: No files or system changes outside of /home will persist beyond your application's current session. /home is your application's persistent storage and is shared across all the server instances.
2026-08-02T15:36:22.6650053+00:00 ContainerStream: 
2026-08-02T15:36:22.6650079+00:00 ContainerStream: 
2026-08-02T15:36:22.6770971+00:00 ContainerStream: Determined OS to be: ubuntu
2026-08-02T15:36:22.6771227+00:00 ContainerStream: Updating /etc/ssh/sshd_config to use PORT 2222
2026-08-02T15:36:22.7256091+00:00 ContainerStream: Starting ssh service...
2026-08-02T15:36:22.8605674+00:00 ContainerStream: ssh-keygen: generating new host keys: DSA 
2026-08-02T15:36:23.0137321+00:00 ContainerStream:  * Starting OpenBSD Secure Shell server sshd
2026-08-02T15:36:23.0817583+00:00 ContainerStream:    ...done.
2026-08-02T15:36:23.1996851+00:00 ContainerStream:  * sshd is running
2026-08-02T15:36:23.2157698+00:00 ContainerStream: ## Printing build info...
2026-08-02T15:36:23.2261657+00:00 ContainerStream:                                            PACKAGE |                             VERSION | COMMIT
2026-08-02T15:36:23.2262214+00:00 ContainerStream:        Microsoft.AppService.WebsitesExtensionsJava |                        1.0.03290234 | ae284a4
2026-08-02T15:36:23.2262279+00:00 ContainerStream:                                               self |                        1.0.03296336 | 76247a61
2026-08-02T15:36:23.2273505+00:00 ContainerStream: ## Done printing build info.
2026-08-02T15:36:23.2284055+00:00 ContainerStream: Container info: WEBSITE_INSTANCE_ID = 7d4ee311498b261eb996c3c5566ae5bbd227759952a6214551a3ab4312f134f3 ; WEBSITE_SITE_NAME = ahmad-securebank-app
2026-08-02T15:36:23.2621477+00:00 ContainerStream: Add public certificates to keystore if exists...
2026-08-02T15:36:23.2633315+00:00 ContainerStream: Add private certificates to keystore if exists...
2026-08-02T15:36:23.2644829+00:00 ContainerStream: Configuring max heap = 1299 MB
2026-08-02T15:36:23.3315240+00:00 ContainerStream: STARTUP_FILE=
2026-08-02T15:36:23.3409876+00:00 ContainerStream: STARTUP_COMMAND=java -jar /home/site/wwwroot/app.jar
2026-08-02T15:36:23.3410203+00:00 ContainerStream: No STARTUP_FILE available.
2026-08-02T15:36:23.3410249+00:00 ContainerStream: Running STARTUP_COMMAND: java -jar /home/site/wwwroot/app.jar
2026-08-02T15:36:23.3637383+00:00 ContainerStream: Error: Unable to access jarfile /home/site/wwwroot/app.jar
2026-08-02T15:36:23.3678918+00:00 ContainerStream: Finished running startup file 'java -jar /home/site/wwwroot/app.jar'. Exit code: '1'.
2026-08-02T15:36:23.3691517+00:00 ContainerStream: Custom startup complete. Now, exiting with exit code '1'
2026-08-02T15:36:23.3887367+00:00 ContainerStatus: Container has finished running with exit code: 1.
2026-08-02T15:36:23.3893505+00:00 ContainerStatus: Container is terminating. Grace period: 5 seconds.
2026-08-02T15:36:23.3980117+00:00 ContainerStatus: Stop and delete container. Retry count = 0
2026-08-02T15:36:23.3980953+00:00 ContainerStatus: Stopping container: da166ebf7d5f_ahmad-securebank-app.
2026-08-02T15:36:23.4860529+00:00 ContainerStatus: Deleting container: da166ebf7d5f_ahmad-securebank-app. Retry count = 0
2026-08-02T15:36:23.7912163+00:00 ContainerStatus: Container spec TerminationMessagePolicy  path 
2026-08-02T15:36:23.7918876+00:00 ContainerStatus: Container is terminated. Total time elapsed: 401 ms.
2026-08-02T15:36:23.8008582+00:00 ContainerStatus: Site container: ahmad-securebank-app terminated during site startup.
2026-08-02T15:36:23.8010691+00:00 ContainerStatus: State: Stopping, Action: CancellingStartup, LastError: ContainerStartupFailure, LastErrorTimestamp: 08/02/2026 15:33:30, LastErrorDetails: Container exited with exit code 1 during startup after 3.0s. Please inspect your container logs for more details., Details: Site container: ahmad-securebank-app terminated during site startup. Cancelling site startup., DetailsLevel: ERR
2026-08-02T15:36:23.8162840+00:00 ContainerStatus: Site startup probe failed after 1.3210712 seconds.
2026-08-02T15:36:24.0645333+00:00 ContainerStatus: State: Stopping, Action: CancellingStartup, LastError: ContainerStartupFailure, LastErrorTimestamp: 08/02/2026 15:36:24, LastErrorDetails: Container exited with exit code 1 during startup after 1.5s. Please inspect your container logs for more details., Details: Site container: ahmad-securebank-app terminated during site startup. Cancelling site startup., DetailsLevel: ERR
2026-08-02T15:36:24.1028870+00:00 ContainerStatus: Failed to start site. Revert by stopping site.
2026-08-02T15:36:24.1030864+00:00 ContainerStatus: State: Stopping, Action: StoppingSite, LastError: ContainerStartupFailure, LastErrorTimestamp: 08/02/2026 15:36:24, LastErrorDetails: Container exited with exit code 1 during startup after 1.5s. Please inspect your container logs for more details., Details: Site container: ahmad-securebank-app terminated during site startup. Cancelling site startup., DetailsLevel: ERR
2026-08-02T15:36:24.1033044+00:00 ContainerStatus: State: Stopping, Action: StoppingSiteContainers, LastError: ContainerStartupFailure, LastErrorTimestamp: 08/02/2026 15:36:24, LastErrorDetails: Container exited with exit code 1 during startup after 1.5s. Please inspect your container logs for more details., Details: Site container: ahmad-securebank-app terminated during site startup. Cancelling site startup., DetailsLevel: ERR
2026-08-02T15:36:24.1033251+00:00 ContainerStatus: Site: ahmad-securebank-app stopped.
========== New Cold Start Attempt (2026-08-02T15:36:24.1136284+00:00) ==========
2026-08-02T15:36:24.1136284+00:00 ContainerStatus: State: Stopping, Action: UnmountingVolumes, LastError: ContainerStartupFailure, LastErrorTimestamp: 08/02/2026 15:36:24, LastErrorDetails: Container exited with exit code 1 during startup after 1.5s. Please inspect your container logs for more details., Details: Site container: ahmad-securebank-app terminated during site startup. Cancelling site startup., DetailsLevel: ERR
2026-08-02T15:36:24.5565027+00:00 ContainerStatus: State: Stopping, Action: StoppingSiteNetworks, LastError: ContainerStartupFailure, LastErrorTimestamp: 08/02/2026 15:36:24, LastErrorDetails: Container exited with exit code 1 during startup after 1.5s. Please inspect your container logs for more details., Details: Site container: ahmad-securebank-app terminated during site startup. Cancelling site startup., DetailsLevel: ERR
2026-08-02T15:36:30.1968715+00:00 ContainerStatus: State: Stopped, Action: None, LastError: ContainerStartupFailure, LastErrorTimestamp: 08/02/2026 15:36:24, LastErrorDetails: Container exited with exit code 1 during startup after 1.5s. Please inspect your container logs for more details., Details: Site stopped at 08/02/2026 15:36:30 (UTC), DetailsLevel: ERR
2026-08-02T15:36:30.6094701+00:00 ContainerStatus: State: Stopped, Action: None, LastError: ContainerStartupFailure, LastErrorTimestamp: 08/02/2026 15:36:24, LastErrorDetails: Container exited with exit code 1 during startup after 1.5s. Please inspect your container logs for more details., Details: Site stopped at 08/02/2026 15:36:30 (UTC), DetailsLevel: ERR
2026-08-02T15:41:19.3799635+00:00 ContainerStatus: State: Starting, Action: EstablishingSiteNetworks, LastError: ContainerStartupFailure, LastErrorTimestamp: 08/02/2026 15:36:24, LastErrorDetails: Container exited with exit code 1 during startup after 1.5s. Please inspect your container logs for more details., Details: Site stopped at 08/02/2026 15:36:30 (UTC), DetailsLevel: ERR
2026-08-02T15:41:27.0602353+00:00 ContainerStatus: State: Starting, Action: StartingSiteContainers, LastError: ContainerStartupFailure, LastErrorTimestamp: 08/02/2026 15:36:24, LastErrorDetails: Container exited with exit code 1 during startup after 1.5s. Please inspect your container logs for more details., Details: Site stopped at 08/02/2026 15:36:30 (UTC), DetailsLevel: ERR
2026-08-02T15:41:27.0603285+00:00 ContainerStatus: Container start method called.
2026-08-02T15:41:27.0603802+00:00 ContainerStatus: State: Starting, Action: PullingImage, LastError: ContainerStartupFailure, LastErrorTimestamp: 08/02/2026 15:36:24, LastErrorDetails: Container exited with exit code 1 during startup after 1.5s. Please inspect your container logs for more details., Details: Pulling image 10.1.0.6:13209/azure-app-service/java:21.0.9-r260110 for ahmad-securebank-app., DetailsLevel: INFO
2026-08-02T15:41:27.0604626+00:00 ContainerStatus: Establishing network.
2026-08-02T15:41:27.0736826+00:00 ContainerStatus: Pulling image: azure-app-service/java:21.0.9-r260110.
2026-08-02T15:41:27.3849378+00:00 ContainerStatus: Container is starting.
2026-08-02T15:41:27.3850778+00:00 ContainerStatus: State: Starting, Action: MountingVolumes, LastError: ContainerStartupFailure, LastErrorTimestamp: 08/02/2026 15:36:24, LastErrorDetails: Container exited with exit code 1 during startup after 1.5s. Please inspect your container logs for more details., Details: Mounting volumes for ahmad-securebank-app., DetailsLevel: INFO
2026-08-02T15:41:27.3854368+00:00 ContainerStatus: Establishing user namespace if not established already.
2026-08-02T15:41:27.3855688+00:00 ContainerStatus: Establishing network if not established already.
2026-08-02T15:41:27.3859673+00:00 ContainerStatus: Mounting volumes.
2026-08-02T15:41:27.3877619+00:00 ContainerStatus: Nested mountpoint 
2026-08-02T15:41:27.4148971+00:00 ContainerStatus: Nested mountpoint volatile/logs
2026-08-02T15:41:27.4554649+00:00 ContainerStatus: Nested mountpoint 
2026-08-02T15:41:27.4570674+00:00 ContainerStatus: Nested mountpoint 
2026-08-02T15:41:27.4950032+00:00 ContainerStatus: State: Starting, Action: CreatingContainer, LastError: ContainerStartupFailure, LastErrorTimestamp: 08/02/2026 15:36:24, LastErrorDetails: Container exited with exit code 1 during startup after 1.5s. Please inspect your container logs for more details., Details: Finished pulling container image and mounting volumes for ahmad-securebank-app. Allocatinng the rest of the container resources to finish container creation., DetailsLevel: INFO
2026-08-02T15:41:27.4958274+00:00 ContainerStatus: Creating container.
2026-08-02T15:41:27.5029391+00:00 ContainerStatus: Creating pipes for streaming container io.
2026-08-02T15:41:27.5033542+00:00 ContainerStatus: Creating stdout named pipe at /podr/container/pipe/c094099d5cfa_ahmad-securebank-app/stdout_2812ccc1e98b4942b29a5e066dfc596e.
2026-08-02T15:41:27.5036105+00:00 ContainerStatus: Successfully created stdout named pipe at: /podr/container/pipe/c094099d5cfa_ahmad-securebank-app/stdout_2812ccc1e98b4942b29a5e066dfc596e.
2026-08-02T15:41:27.5037487+00:00 ContainerStatus: Opening named pipe /podr/container/pipe/c094099d5cfa_ahmad-securebank-app/stdout_2812ccc1e98b4942b29a5e066dfc596e for reading in non-blocking mode.
2026-08-02T15:41:27.5039507+00:00 ContainerStatus: Successfully opened named pipe: /podr/container/pipe/c094099d5cfa_ahmad-securebank-app/stdout_2812ccc1e98b4942b29a5e066dfc596e.
2026-08-02T15:41:27.5041136+00:00 ContainerStatus: Successfully removed non-blocking flag from /podr/container/pipe/c094099d5cfa_ahmad-securebank-app/stdout_2812ccc1e98b4942b29a5e066dfc596e.
2026-08-02T15:41:27.5062883+00:00 ContainerStatus: Creating stderr named pipe at /podr/container/pipe/c094099d5cfa_ahmad-securebank-app/stderr_4891148823ed4d2d8960e2722f3fd040.
2026-08-02T15:41:27.5152106+00:00 ContainerStatus: Successfully created stderr named pipe at: /podr/container/pipe/c094099d5cfa_ahmad-securebank-app/stderr_4891148823ed4d2d8960e2722f3fd040.
2026-08-02T15:41:27.5158916+00:00 ContainerStatus: Opening named pipe /podr/container/pipe/c094099d5cfa_ahmad-securebank-app/stderr_4891148823ed4d2d8960e2722f3fd040 for reading in non-blocking mode.
2026-08-02T15:41:27.5221010+00:00 ContainerStatus: Successfully opened named pipe: /podr/container/pipe/c094099d5cfa_ahmad-securebank-app/stderr_4891148823ed4d2d8960e2722f3fd040.
2026-08-02T15:41:27.5226995+00:00 ContainerStatus: Successfully removed non-blocking flag from /podr/container/pipe/c094099d5cfa_ahmad-securebank-app/stderr_4891148823ed4d2d8960e2722f3fd040.
2026-08-02T15:41:27.5279795+00:00 ContainerStatus: Overriding PORT environment variable with pre-calculated port: 80.
2026-08-02T15:41:27.5322138+00:00 ContainerStatus: Setting value of PORT variable to 80
2026-08-02T15:41:27.5334345+00:00 ContainerStatus: Creating container with image: azure-app-service/java:21.0.9-r260110 from registry: 10.1.0.6:13209 and fully qualified image name: 10.1.0.6:13209/azure-app-service/java:21.0.9-r260110
2026-08-02T15:41:28.2506250+00:00 ContainerStatus: Starting container: c094099d5cfa_ahmad-securebank-app.
2026-08-02T15:41:28.3630843+00:00 ContainerStatus: Starting watchers and probes.
2026-08-02T15:41:28.3657233+00:00 ContainerStatus: Starting metrics collection.
2026-08-02T15:41:28.3723502+00:00 ContainerStatus: Container is running.
2026-08-02T15:41:28.3728792+00:00 ContainerStatus: State: Starting, Action: CreatingContainer, LastError: ContainerStartupFailure, LastErrorTimestamp: 08/02/2026 15:36:24, LastErrorDetails: Container exited with exit code 1 during startup after 1.5s. Please inspect your container logs for more details., Details: Container ahmad-securebank-app successfully created and is running., DetailsLevel: INFO
2026-08-02T15:41:28.5409527+00:00 ContainerStatus: Container start method finished after 1480 ms.
2026-08-02T15:41:28.5411300+00:00 ContainerStatus: State: Starting, Action: InitiatingSiteWarmUpProbe, LastError: ContainerStartupFailure, LastErrorTimestamp: 08/02/2026 15:36:24, LastErrorDetails: Container exited with exit code 1 during startup after 1.5s. Please inspect your container logs for more details., Details: Container ahmad-securebank-app successfully created and is running., DetailsLevel: INFO
2026-08-02T15:41:28.5411513+00:00 ContainerStatus: State: Starting, Action: WaitingForSiteWarmUpProbeSuccess, LastError: ContainerStartupFailure, LastErrorTimestamp: 08/02/2026 15:36:24, LastErrorDetails: Container exited with exit code 1 during startup after 1.5s. Please inspect your container logs for more details., Details: Pinging warmup path to ensure container is ready to receive requests., DetailsLevel: INFO
2026-08-02T15:41:28.6495443+00:00 ContainerStream:    _|_|                                            
2026-08-02T15:41:28.6496550+00:00 ContainerStream:  _|    _|  _|_|_|_|  _|    _|  _|  _|_|    _|_|    
2026-08-02T15:41:28.6496757+00:00 ContainerStream:  _|_|_|_|      _|    _|    _|  _|_|      _|_|_|_|  
2026-08-02T15:41:28.6496779+00:00 ContainerStream:  _|    _|    _|      _|    _|  _|        _|        
2026-08-02T15:41:28.6496799+00:00 ContainerStream:  _|    _|  _|_|_|_|    _|_|_|  _|          _|_|_|
2026-08-02T15:41:28.6496818+00:00 ContainerStream: 
2026-08-02T15:41:28.6496838+00:00 ContainerStream:      J A V A   O N   A P P   S E R V I C E
2026-08-02T15:41:28.6496855+00:00 ContainerStream: 
2026-08-02T15:41:28.6496876+00:00 ContainerStream: Documentation: https://aka.ms/appservice
2026-08-02T15:41:28.6496893+00:00 ContainerStream: 
2026-08-02T15:41:28.6496927+00:00 ContainerStream: **NOTE**: No files or system changes outside of /home will persist beyond your application's current session. /home is your application's persistent storage and is shared across all the server instances.
2026-08-02T15:41:28.6497120+00:00 ContainerStream: 
2026-08-02T15:41:28.6497139+00:00 ContainerStream: 
2026-08-02T15:41:28.6604282+00:00 ContainerStream: Determined OS to be: ubuntu
2026-08-02T15:41:28.6604498+00:00 ContainerStream: Updating /etc/ssh/sshd_config to use PORT 2222
2026-08-02T15:41:28.6995928+00:00 ContainerStream: Starting ssh service...
2026-08-02T15:41:28.9442221+00:00 ContainerStream: ssh-keygen: generating new host keys: DSA 
2026-08-02T15:41:29.1857931+00:00 ContainerStream:  * Starting OpenBSD Secure Shell server sshd
2026-08-02T15:41:29.3054455+00:00 ContainerStream:    ...done.
2026-08-02T15:41:29.4835609+00:00 ContainerStream:  * sshd is running
2026-08-02T15:41:29.4931056+00:00 ContainerStream: ## Printing build info...
2026-08-02T15:41:29.5187717+00:00 ContainerStream:                                            PACKAGE |                             VERSION | COMMIT
2026-08-02T15:41:29.5188300+00:00 ContainerStream:        Microsoft.AppService.WebsitesExtensionsJava |                        1.0.03290234 | ae284a4
2026-08-02T15:41:29.5188339+00:00 ContainerStream:                                               self |                        1.0.03296336 | 76247a61
2026-08-02T15:41:29.5196538+00:00 ContainerStream: ## Done printing build info.
2026-08-02T15:41:29.5200936+00:00 ContainerStream: Container info: WEBSITE_INSTANCE_ID = 7d4ee311498b261eb996c3c5566ae5bbd227759952a6214551a3ab4312f134f3 ; WEBSITE_SITE_NAME = ahmad-securebank-app
2026-08-02T15:41:29.5767767+00:00 ContainerStream: Add public certificates to keystore if exists...
2026-08-02T15:41:29.5768037+00:00 ContainerStream: Add private certificates to keystore if exists...
2026-08-02T15:41:29.5775896+00:00 ContainerStream: Configuring max heap = 1299 MB
2026-08-02T15:41:29.7021680+00:00 ContainerStream: STARTUP_FILE=
2026-08-02T15:41:29.7027168+00:00 ContainerStream: STARTUP_COMMAND=java -jar /home/site/wwwroot/app.jar
2026-08-02T15:41:29.7027452+00:00 ContainerStream: No STARTUP_FILE available.
2026-08-02T15:41:29.7031973+00:00 ContainerStream: Running STARTUP_COMMAND: java -jar /home/site/wwwroot/app.jar
2026-08-02T15:41:29.7285182+00:00 ContainerStream: Error: Unable to access jarfile /home/site/wwwroot/app.jar
2026-08-02T15:41:29.7297264+00:00 ContainerStream: Finished running startup file 'java -jar /home/site/wwwroot/app.jar'. Exit code: '1'.
2026-08-02T15:41:29.7297509+00:00 ContainerStream: Custom startup complete. Now, exiting with exit code '1'
2026-08-02T15:41:29.7535869+00:00 ContainerStatus: Container has finished running with exit code: 1.
2026-08-02T15:41:29.7537412+00:00 ContainerStatus: Container is terminating. Grace period: 5 seconds.
2026-08-02T15:41:29.7555774+00:00 ContainerStatus: Stop and delete container. Retry count = 0
2026-08-02T15:41:29.7558179+00:00 ContainerStatus: Stopping container: c094099d5cfa_ahmad-securebank-app.
2026-08-02T15:41:29.8124283+00:00 ContainerStatus: Deleting container: c094099d5cfa_ahmad-securebank-app. Retry count = 0
2026-08-02T15:41:30.0479424+00:00 ContainerStatus: Container spec TerminationMessagePolicy  path 
2026-08-02T15:41:30.0552126+00:00 ContainerStatus: Container is terminated. Total time elapsed: 300 ms.
2026-08-02T15:41:30.0559764+00:00 ContainerStatus: Site container: ahmad-securebank-app terminated during site startup.
2026-08-02T15:41:30.0573481+00:00 ContainerStatus: State: Stopping, Action: CancellingStartup, LastError: ContainerStartupFailure, LastErrorTimestamp: 08/02/2026 15:36:24, LastErrorDetails: Container exited with exit code 1 during startup after 1.5s. Please inspect your container logs for more details., Details: Site container: ahmad-securebank-app terminated during site startup. Cancelling site startup., DetailsLevel: ERR
2026-08-02T15:41:30.0891518+00:00 ContainerStatus: Site startup probe failed after 1.5470193 seconds.
2026-08-02T15:41:30.2629090+00:00 ContainerStatus: State: Stopping, Action: CancellingStartup, LastError: ContainerStartupFailure, LastErrorTimestamp: 08/02/2026 15:41:30, LastErrorDetails: Container exited with exit code 1 during startup after 1.7s. Please inspect your container logs for more details., Details: Site container: ahmad-securebank-app terminated during site startup. Cancelling site startup., DetailsLevel: ERR
2026-08-02T15:41:30.2823751+00:00 ContainerStatus: Failed to start site. Revert by stopping site.
2026-08-02T15:41:30.2890836+00:00 ContainerStatus: State: Stopping, Action: StoppingSite, LastError: ContainerStartupFailure, LastErrorTimestamp: 08/02/2026 15:41:30, LastErrorDetails: Container exited with exit code 1 during startup after 1.7s. Please inspect your container logs for more details., Details: Site container: ahmad-securebank-app terminated during site startup. Cancelling site startup., DetailsLevel: ERR
2026-08-02T15:41:30.2898370+00:00 ContainerStatus: State: Stopping, Action: StoppingSiteContainers, LastError: ContainerStartupFailure, LastErrorTimestamp: 08/02/2026 15:41:30, LastErrorDetails: Container exited with exit code 1 during startup after 1.7s. Please inspect your container logs for more details., Details: Site container: ahmad-securebank-app terminated during site startup. Cancelling site startup., DetailsLevel: ERR
2026-08-02T15:41:30.2898642+00:00 ContainerStatus: Site: ahmad-securebank-app stopped.
========== New Cold Start Attempt (2026-08-02T15:41:30.3162861+00:00) ==========
2026-08-02T15:41:30.3162861+00:00 ContainerStatus: State: Stopping, Action: UnmountingVolumes, LastError: ContainerStartupFailure, LastErrorTimestamp: 08/02/2026 15:41:30, LastErrorDetails: Container exited with exit code 1 during startup after 1.7s. Please inspect your container logs for more details., Details: Site container: ahmad-securebank-app terminated during site startup. Cancelling site startup., DetailsLevel: ERR
2026-08-02T15:41:30.6080554+00:00 ContainerStatus: State: Stopping, Action: StoppingSiteNetworks, LastError: ContainerStartupFailure, LastErrorTimestamp: 08/02/2026 15:41:30, LastErrorDetails: Container exited with exit code 1 during startup after 1.7s. Please inspect your container logs for more details., Details: Site container: ahmad-securebank-app terminated during site startup. Cancelling site startup., DetailsLevel: ERR
2026-08-02T15:41:39.2382871+00:00 ContainerStatus: Site: ahmad-securebank-app will be blocked for 1 minutes till 08/02/2026 15:42:39
2026-08-02T15:41:39.2462392+00:00 ContainerStatus: State: Blocked, Action: StoppingSiteNetworks, LastError: ContainerStartupFailure, LastErrorTimestamp: 08/02/2026 15:41:30, LastErrorDetails: Container exited with exit code 1 during startup after 1.7s. Please inspect your container logs for more details., Details: Site: ahmad-securebank-app will be blocked for 1 minutes till 08/02/2026 15:42:39, DetailsLevel: WARN
2026-08-02T15:41:39.2766313+00:00 ContainerStatus: State: Stopped, Action: None, LastError: ContainerStartupFailure, LastErrorTimestamp: 08/02/2026 15:41:30, LastErrorDetails: Container exited with exit code 1 during startup after 1.7s. Please inspect your container logs for more details., Details: Site stopped at 08/02/2026 15:41:39 (UTC), DetailsLevel: WARN
2026-08-02T15:41:39.6847154+00:00 ContainerStatus: State: Stopped, Action: None, LastError: ContainerStartupFailure, LastErrorTimestamp: 08/02/2026 15:41:30, LastErrorDetails: Container exited with exit code 1 during startup after 1.7s. Please inspect your container logs for more details., Details: Site stopped at 08/02/2026 15:41:39 (UTC), DetailsLevel: WARN
2026-08-02T15:42:39.2403344+00:00 ContainerStatus: Site: ahmad-securebank-app is unblocked.
2026-08-02T15:42:39.4345722+00:00 ContainerStatus: State: Starting, Action: EstablishingSiteNetworks, LastError: ContainerStartupFailure, LastErrorTimestamp: 08/02/2026 15:41:30, LastErrorDetails: Container exited with exit code 1 during startup after 1.7s. Please inspect your container logs for more details., Details: Site stopped at 08/02/2026 15:41:39 (UTC), DetailsLevel: WARN
2026-08-02T15:42:47.3731219+00:00 ContainerStatus: State: Starting, Action: StartingSiteContainers, LastError: ContainerStartupFailure, LastErrorTimestamp: 08/02/2026 15:41:30, LastErrorDetails: Container exited with exit code 1 during startup after 1.7s. Please inspect your container logs for more details., Details: Site stopped at 08/02/2026 15:41:39 (UTC), DetailsLevel: WARN
2026-08-02T15:42:47.3732144+00:00 ContainerStatus: Container start method called.
2026-08-02T15:42:47.3732739+00:00 ContainerStatus: State: Starting, Action: PullingImage, LastError: ContainerStartupFailure, LastErrorTimestamp: 08/02/2026 15:41:30, LastErrorDetails: Container exited with exit code 1 during startup after 1.7s. Please inspect your container logs for more details., Details: Pulling image 10.1.0.6:13209/azure-app-service/java:21.0.9-r260110 for ahmad-securebank-app., DetailsLevel: INFO
2026-08-02T15:42:47.3733541+00:00 ContainerStatus: Establishing network.
2026-08-02T15:42:47.3734493+00:00 ContainerStatus: Pulling image: azure-app-service/java:21.0.9-r260110.
2026-08-02T15:42:47.6581919+00:00 ContainerStatus: Container is starting.
2026-08-02T15:42:47.6584770+00:00 ContainerStatus: State: Starting, Action: MountingVolumes, LastError: ContainerStartupFailure, LastErrorTimestamp: 08/02/2026 15:41:30, LastErrorDetails: Container exited with exit code 1 during startup after 1.7s. Please inspect your container logs for more details., Details: Mounting volumes for ahmad-securebank-app., DetailsLevel: INFO
2026-08-02T15:42:47.6590684+00:00 ContainerStatus: Establishing user namespace if not established already.
2026-08-02T15:42:47.6669525+00:00 ContainerStatus: Establishing network if not established already.
2026-08-02T15:42:47.6674567+00:00 ContainerStatus: Mounting volumes.
2026-08-02T15:42:47.6682875+00:00 ContainerStatus: Nested mountpoint 
2026-08-02T15:42:47.6767641+00:00 ContainerStatus: Nested mountpoint volatile/logs
2026-08-02T15:42:47.6892466+00:00 ContainerStatus: Nested mountpoint 
2026-08-02T15:42:47.6897586+00:00 ContainerStatus: Nested mountpoint 
2026-08-02T15:42:47.7444956+00:00 ContainerStatus: State: Starting, Action: CreatingContainer, LastError: ContainerStartupFailure, LastErrorTimestamp: 08/02/2026 15:41:30, LastErrorDetails: Container exited with exit code 1 during startup after 1.7s. Please inspect your container logs for more details., Details: Finished pulling container image and mounting volumes for ahmad-securebank-app. Allocatinng the rest of the container resources to finish container creation., DetailsLevel: INFO
2026-08-02T15:42:47.7451463+00:00 ContainerStatus: Creating container.
2026-08-02T15:42:47.7462884+00:00 ContainerStatus: Creating pipes for streaming container io.
2026-08-02T15:42:47.7539972+00:00 ContainerStatus: Creating stdout named pipe at /podr/container/pipe/6b4d4f044f0e_ahmad-securebank-app/stdout_d38b72307f7d42e99a5d92c43f2378e1.
2026-08-02T15:42:47.7542350+00:00 ContainerStatus: Successfully created stdout named pipe at: /podr/container/pipe/6b4d4f044f0e_ahmad-securebank-app/stdout_d38b72307f7d42e99a5d92c43f2378e1.
2026-08-02T15:42:47.7543181+00:00 ContainerStatus: Opening named pipe /podr/container/pipe/6b4d4f044f0e_ahmad-securebank-app/stdout_d38b72307f7d42e99a5d92c43f2378e1 for reading in non-blocking mode.
2026-08-02T15:42:47.7544238+00:00 ContainerStatus: Successfully opened named pipe: /podr/container/pipe/6b4d4f044f0e_ahmad-securebank-app/stdout_d38b72307f7d42e99a5d92c43f2378e1.
2026-08-02T15:42:47.7544982+00:00 ContainerStatus: Successfully removed non-blocking flag from /podr/container/pipe/6b4d4f044f0e_ahmad-securebank-app/stdout_d38b72307f7d42e99a5d92c43f2378e1.
2026-08-02T15:42:47.7546137+00:00 ContainerStatus: Creating stderr named pipe at /podr/container/pipe/6b4d4f044f0e_ahmad-securebank-app/stderr_5b4ca79acc1c435b9949a2691cfc31a9.
2026-08-02T15:42:47.7547300+00:00 ContainerStatus: Successfully created stderr named pipe at: /podr/container/pipe/6b4d4f044f0e_ahmad-securebank-app/stderr_5b4ca79acc1c435b9949a2691cfc31a9.
2026-08-02T15:42:47.7548028+00:00 ContainerStatus: Opening named pipe /podr/container/pipe/6b4d4f044f0e_ahmad-securebank-app/stderr_5b4ca79acc1c435b9949a2691cfc31a9 for reading in non-blocking mode.
2026-08-02T15:42:47.7548843+00:00 ContainerStatus: Successfully opened named pipe: /podr/container/pipe/6b4d4f044f0e_ahmad-securebank-app/stderr_5b4ca79acc1c435b9949a2691cfc31a9.
2026-08-02T15:42:47.7549974+00:00 ContainerStatus: Successfully removed non-blocking flag from /podr/container/pipe/6b4d4f044f0e_ahmad-securebank-app/stderr_5b4ca79acc1c435b9949a2691cfc31a9.
2026-08-02T15:42:47.7716092+00:00 ContainerStatus: Overriding PORT environment variable with pre-calculated port: 80.
2026-08-02T15:42:47.7717143+00:00 ContainerStatus: Setting value of PORT variable to 80
2026-08-02T15:42:47.7730602+00:00 ContainerStatus: Creating container with image: azure-app-service/java:21.0.9-r260110 from registry: 10.1.0.6:13209 and fully qualified image name: 10.1.0.6:13209/azure-app-service/java:21.0.9-r260110
2026-08-02T15:42:48.5739179+00:00 ContainerStatus: Starting container: 6b4d4f044f0e_ahmad-securebank-app.
2026-08-02T15:42:48.6462188+00:00 ContainerStatus: Starting watchers and probes.
2026-08-02T15:42:48.6469034+00:00 ContainerStatus: Starting metrics collection.
2026-08-02T15:42:48.6472211+00:00 ContainerStatus: Container is running.
2026-08-02T15:42:48.6486938+00:00 ContainerStatus: State: Starting, Action: CreatingContainer, LastError: ContainerStartupFailure, LastErrorTimestamp: 08/02/2026 15:41:30, LastErrorDetails: Container exited with exit code 1 during startup after 1.7s. Please inspect your container logs for more details., Details: Container ahmad-securebank-app successfully created and is running., DetailsLevel: INFO
2026-08-02T15:42:48.8143935+00:00 ContainerStatus: Container start method finished after 1441 ms.
2026-08-02T15:42:48.8145911+00:00 ContainerStatus: State: Starting, Action: InitiatingSiteWarmUpProbe, LastError: ContainerStartupFailure, LastErrorTimestamp: 08/02/2026 15:41:30, LastErrorDetails: Container exited with exit code 1 during startup after 1.7s. Please inspect your container logs for more details., Details: Container ahmad-securebank-app successfully created and is running., DetailsLevel: INFO
2026-08-02T15:42:48.8146204+00:00 ContainerStatus: State: Starting, Action: WaitingForSiteWarmUpProbeSuccess, LastError: ContainerStartupFailure, LastErrorTimestamp: 08/02/2026 15:41:30, LastErrorDetails: Container exited with exit code 1 during startup after 1.7s. Please inspect your container logs for more details., Details: Pinging warmup path to ensure container is ready to receive requests., DetailsLevel: INFO
2026-08-02T15:42:49.0311134+00:00 ContainerStream:    _|_|                                            
2026-08-02T15:42:49.0311542+00:00 ContainerStream:  _|    _|  _|_|_|_|  _|    _|  _|  _|_|    _|_|    
2026-08-02T15:42:49.0311573+00:00 ContainerStream:  _|_|_|_|      _|    _|    _|  _|_|      _|_|_|_|  
2026-08-02T15:42:49.0311592+00:00 ContainerStream:  _|    _|    _|      _|    _|  _|        _|        
2026-08-02T15:42:49.0311694+00:00 ContainerStream:  _|    _|  _|_|_|_|    _|_|_|  _|          _|_|_|
2026-08-02T15:42:49.0311712+00:00 ContainerStream: 
2026-08-02T15:42:49.0311731+00:00 ContainerStream:      J A V A   O N   A P P   S E R V I C E
2026-08-02T15:42:49.0311748+00:00 ContainerStream: 
2026-08-02T15:42:49.0311767+00:00 ContainerStream: Documentation: https://aka.ms/appservice
2026-08-02T15:42:49.0311784+00:00 ContainerStream: 
2026-08-02T15:42:49.0311814+00:00 ContainerStream: **NOTE**: No files or system changes outside of /home will persist beyond your application's current session. /home is your application's persistent storage and is shared across all the server instances.
2026-08-02T15:42:49.0311830+00:00 ContainerStream: 
2026-08-02T15:42:49.0311846+00:00 ContainerStream: 
2026-08-02T15:42:49.0312033+00:00 ContainerStream: Determined OS to be: ubuntu
2026-08-02T15:42:49.0312054+00:00 ContainerStream: Updating /etc/ssh/sshd_config to use PORT 2222
2026-08-02T15:42:49.0615728+00:00 ContainerStream: Starting ssh service...
2026-08-02T15:42:49.2182183+00:00 ContainerStream: ssh-keygen: generating new host keys: DSA 
2026-08-02T15:42:49.3429002+00:00 ContainerStream:  * Starting OpenBSD Secure Shell server sshd
2026-08-02T15:42:49.4397968+00:00 ContainerStream:    ...done.
2026-08-02T15:42:49.5504106+00:00 ContainerStream:  * sshd is running
2026-08-02T15:42:49.5612500+00:00 ContainerStream: ## Printing build info...
2026-08-02T15:42:49.5718267+00:00 ContainerStream:                                            PACKAGE |                             VERSION | COMMIT
2026-08-02T15:42:49.5718665+00:00 ContainerStream:        Microsoft.AppService.WebsitesExtensionsJava |                        1.0.03290234 | ae284a4
2026-08-02T15:42:49.5718804+00:00 ContainerStream:                                               self |                        1.0.03296336 | 76247a61
2026-08-02T15:42:49.5882606+00:00 ContainerStream: ## Done printing build info.
2026-08-02T15:42:49.5882804+00:00 ContainerStream: Container info: WEBSITE_INSTANCE_ID = 7d4ee311498b261eb996c3c5566ae5bbd227759952a6214551a3ab4312f134f3 ; WEBSITE_SITE_NAME = ahmad-securebank-app
2026-08-02T15:42:49.6006895+00:00 ContainerStream: Add public certificates to keystore if exists...
2026-08-02T15:42:49.6007181+00:00 ContainerStream: Add private certificates to keystore if exists...
2026-08-02T15:42:49.6019030+00:00 ContainerStream: Configuring max heap = 1299 MB
2026-08-02T15:42:49.6695382+00:00 ContainerStream: STARTUP_FILE=
2026-08-02T15:42:49.6706300+00:00 ContainerStream: STARTUP_COMMAND=java -jar /home/site/wwwroot/app.jar
2026-08-02T15:42:49.6715613+00:00 ContainerStream: No STARTUP_FILE available.
2026-08-02T15:42:49.6806658+00:00 ContainerStream: Running STARTUP_COMMAND: java -jar /home/site/wwwroot/app.jar
2026-08-02T15:42:49.6917749+00:00 ContainerStream: Error: Unable to access jarfile /home/site/wwwroot/app.jar
2026-08-02T15:42:49.6931870+00:00 ContainerStream: Finished running startup file 'java -jar /home/site/wwwroot/app.jar'. Exit code: '1'.
2026-08-02T15:42:49.6982120+00:00 ContainerStream: Custom startup complete. Now, exiting with exit code '1'
2026-08-02T15:42:49.7178697+00:00 ContainerStatus: Container has finished running with exit code: 1.
2026-08-02T15:42:49.7189172+00:00 ContainerStatus: Container is terminating. Grace period: 5 seconds.
2026-08-02T15:42:49.7209244+00:00 ContainerStatus: Stop and delete container. Retry count = 0
2026-08-02T15:42:49.7285464+00:00 ContainerStatus: Stopping container: 6b4d4f044f0e_ahmad-securebank-app.
2026-08-02T15:42:49.7967830+00:00 ContainerStatus: Deleting container: 6b4d4f044f0e_ahmad-securebank-app. Retry count = 0
2026-08-02T15:42:50.1727841+00:00 ContainerStatus: Container spec TerminationMessagePolicy  path 
2026-08-02T15:42:50.1730703+00:00 ContainerStatus: Container is terminated. Total time elapsed: 453 ms.
2026-08-02T15:42:50.1734878+00:00 ContainerStatus: Site container: ahmad-securebank-app terminated during site startup.
2026-08-02T15:42:50.1739727+00:00 ContainerStatus: State: Stopping, Action: CancellingStartup, LastError: ContainerStartupFailure, LastErrorTimestamp: 08/02/2026 15:41:30, LastErrorDetails: Container exited with exit code 1 during startup after 1.7s. Please inspect your container logs for more details., Details: Site container: ahmad-securebank-app terminated during site startup. Cancelling site startup., DetailsLevel: ERR
2026-08-02T15:42:50.1750468+00:00 ContainerStatus: Site startup probe failed after 1.3596629 seconds.
2026-08-02T15:42:50.4481310+00:00 ContainerStatus: State: Stopping, Action: CancellingStartup, LastError: ContainerStartupFailure, LastErrorTimestamp: 08/02/2026 15:42:50, LastErrorDetails: Container exited with exit code 1 during startup after 1.5s. Please inspect your container logs for more details., Details: Site container: ahmad-securebank-app terminated during site startup. Cancelling site startup., DetailsLevel: ERR
2026-08-02T15:42:50.4882165+00:00 ContainerStatus: Failed to start site. Revert by stopping site.
2026-08-02T15:42:50.4887966+00:00 ContainerStatus: State: Stopping, Action: StoppingSite, LastError: ContainerStartupFailure, LastErrorTimestamp: 08/02/2026 15:42:50, LastErrorDetails: Container exited with exit code 1 during startup after 1.5s. Please inspect your container logs for more details., Details: Site container: ahmad-securebank-app terminated during site startup. Cancelling site startup., DetailsLevel: ERR
2026-08-02T15:42:50.4954526+00:00 ContainerStatus: State: Stopping, Action: StoppingSiteContainers, LastError: ContainerStartupFailure, LastErrorTimestamp: 08/02/2026 15:42:50, LastErrorDetails: Container exited with exit code 1 during startup after 1.5s. Please inspect your container logs for more details., Details: Site container: ahmad-securebank-app terminated during site startup. Cancelling site startup., DetailsLevel: ERR
2026-08-02T15:42:50.4954856+00:00 ContainerStatus: Site: ahmad-securebank-app stopped.
========== New Cold Start Attempt (2026-08-02T15:43:23.3740218+00:00) ==========
2026-08-02T15:43:23.3740218+00:00 ContainerStatus: State: Starting, Action: EstablishingSiteNetworks, LastError: ContainerStartupFailure, LastErrorTimestamp: 08/02/2026 15:42:50, LastErrorDetails: Container exited with exit code 1 during startup after 1.5s. Please inspect your container logs for more details., Details: Site stopped at 08/02/2026 15:42:56 (UTC), DetailsLevel: WARN
2026-08-02T15:43:33.2382021+00:00 ContainerStatus: State: Starting, Action: StartingMsiContainer, LastError: ContainerStartupFailure, LastErrorTimestamp: 08/02/2026 15:42:50, LastErrorDetails: Container exited with exit code 1 during startup after 1.5s. Please inspect your container logs for more details., Details: Site stopped at 08/02/2026 15:42:56 (UTC), DetailsLevel: WARN
2026-08-02T15:44:22.3007390+00:00 ContainerStatus: State: Starting, Action: StartingSiteContainers, LastError: ContainerStartupFailure, LastErrorTimestamp: 08/02/2026 15:42:50, LastErrorDetails: Container exited with exit code 1 during startup after 1.5s. Please inspect your container logs for more details., Details: Site stopped at 08/02/2026 15:42:56 (UTC), DetailsLevel: WARN
2026-08-02T15:44:22.3008862+00:00 ContainerStatus: Container start method called.
2026-08-02T15:44:22.3545625+00:00 ContainerStatus: State: Starting, Action: PullingImage, LastError: ContainerStartupFailure, LastErrorTimestamp: 08/02/2026 15:42:50, LastErrorDetails: Container exited with exit code 1 during startup after 1.5s. Please inspect your container logs for more details., Details: Pulling image 10.1.0.5:13209/azure-app-service/java:21.0.9-r260110 for ahmad-securebank-app., DetailsLevel: INFO
2026-08-02T15:44:22.3548936+00:00 ContainerStatus: Establishing network.
2026-08-02T15:44:22.3550259+00:00 ContainerStatus: Pulling image: azure-app-service/java:21.0.9-r260110.
2026-08-02T15:44:22.6666262+00:00 ContainerStatus: Container is starting.
2026-08-02T15:44:22.6668013+00:00 ContainerStatus: State: Starting, Action: MountingVolumes, LastError: ContainerStartupFailure, LastErrorTimestamp: 08/02/2026 15:42:50, LastErrorDetails: Container exited with exit code 1 during startup after 1.5s. Please inspect your container logs for more details., Details: Mounting volumes for ahmad-securebank-app., DetailsLevel: INFO
2026-08-02T15:44:22.6669410+00:00 ContainerStatus: Establishing user namespace if not established already.
2026-08-02T15:44:22.6670824+00:00 ContainerStatus: Establishing network if not established already.
2026-08-02T15:44:22.6737125+00:00 ContainerStatus: Mounting volumes.
2026-08-02T15:44:22.6739739+00:00 ContainerStatus: Nested mountpoint 
2026-08-02T15:44:22.6916350+00:00 ContainerStatus: Nested mountpoint volatile/logs
2026-08-02T15:44:22.7200702+00:00 ContainerStatus: Nested mountpoint 
2026-08-02T15:44:22.7210671+00:00 ContainerStatus: Nested mountpoint 
2026-08-02T15:44:22.7963216+00:00 ContainerStatus: State: Starting, Action: CreatingContainer, LastError: ContainerStartupFailure, LastErrorTimestamp: 08/02/2026 15:42:50, LastErrorDetails: Container exited with exit code 1 during startup after 1.5s. Please inspect your container logs for more details., Details: Finished pulling container image and mounting volumes for ahmad-securebank-app. Allocatinng the rest of the container resources to finish container creation., DetailsLevel: INFO
2026-08-02T15:44:22.8221414+00:00 ContainerStatus: Creating container.
2026-08-02T15:44:22.8222468+00:00 ContainerStatus: Creating pipes for streaming container io.
2026-08-02T15:44:22.8235791+00:00 ContainerStatus: Creating stdout named pipe at /podr/container/pipe/d7fabb140ec1_ahmad-securebank-app/stdout_0bb4ae7205ab4348a1e4ac191e6f44b7.
2026-08-02T15:44:22.8239537+00:00 ContainerStatus: Successfully created stdout named pipe at: /podr/container/pipe/d7fabb140ec1_ahmad-securebank-app/stdout_0bb4ae7205ab4348a1e4ac191e6f44b7.
2026-08-02T15:44:22.8240242+00:00 ContainerStatus: Opening named pipe /podr/container/pipe/d7fabb140ec1_ahmad-securebank-app/stdout_0bb4ae7205ab4348a1e4ac191e6f44b7 for reading in non-blocking mode.
2026-08-02T15:44:22.8241417+00:00 ContainerStatus: Successfully opened named pipe: /podr/container/pipe/d7fabb140ec1_ahmad-securebank-app/stdout_0bb4ae7205ab4348a1e4ac191e6f44b7.
2026-08-02T15:44:22.8242202+00:00 ContainerStatus: Successfully removed non-blocking flag from /podr/container/pipe/d7fabb140ec1_ahmad-securebank-app/stdout_0bb4ae7205ab4348a1e4ac191e6f44b7.
2026-08-02T15:44:22.8290072+00:00 ContainerStatus: Creating stderr named pipe at /podr/container/pipe/d7fabb140ec1_ahmad-securebank-app/stderr_7bf86c26b2e54e7d9f4ba79ef739de2a.
2026-08-02T15:44:22.8291626+00:00 ContainerStatus: Successfully created stderr named pipe at: /podr/container/pipe/d7fabb140ec1_ahmad-securebank-app/stderr_7bf86c26b2e54e7d9f4ba79ef739de2a.
2026-08-02T15:44:22.8292295+00:00 ContainerStatus: Opening named pipe /podr/container/pipe/d7fabb140ec1_ahmad-securebank-app/stderr_7bf86c26b2e54e7d9f4ba79ef739de2a for reading in non-blocking mode.
2026-08-02T15:44:22.8293371+00:00 ContainerStatus: Successfully opened named pipe: /podr/container/pipe/d7fabb140ec1_ahmad-securebank-app/stderr_7bf86c26b2e54e7d9f4ba79ef739de2a.
2026-08-02T15:44:22.8294171+00:00 ContainerStatus: Successfully removed non-blocking flag from /podr/container/pipe/d7fabb140ec1_ahmad-securebank-app/stderr_7bf86c26b2e54e7d9f4ba79ef739de2a.
2026-08-02T15:44:22.8295461+00:00 ContainerStatus: Overriding PORT environment variable with pre-calculated port: 80.
2026-08-02T15:44:22.8296208+00:00 ContainerStatus: Setting value of PORT variable to 80
2026-08-02T15:44:22.8297613+00:00 ContainerStatus: Creating container with image: azure-app-service/java:21.0.9-r260110 from registry: 10.1.0.5:13209 and fully qualified image name: 10.1.0.5:13209/azure-app-service/java:21.0.9-r260110
2026-08-02T15:44:23.5297579+00:00 ContainerStatus: Starting container: d7fabb140ec1_ahmad-securebank-app.
2026-08-02T15:44:23.6293493+00:00 ContainerStatus: Starting watchers and probes.
2026-08-02T15:44:23.6298091+00:00 ContainerStatus: Starting metrics collection.
2026-08-02T15:44:23.6376346+00:00 ContainerStatus: Container is running.
2026-08-02T15:44:23.6381402+00:00 ContainerStatus: State: Starting, Action: CreatingContainer, LastError: ContainerStartupFailure, LastErrorTimestamp: 08/02/2026 15:42:50, LastErrorDetails: Container exited with exit code 1 during startup after 1.5s. Please inspect your container logs for more details., Details: Container ahmad-securebank-app successfully created and is running., DetailsLevel: INFO
2026-08-02T15:44:23.7754023+00:00 ContainerStatus: Container start method finished after 1473 ms.
2026-08-02T15:44:23.7758180+00:00 ContainerStatus: State: Starting, Action: InitiatingSiteWarmUpProbe, LastError: ContainerStartupFailure, LastErrorTimestamp: 08/02/2026 15:42:50, LastErrorDetails: Container exited with exit code 1 during startup after 1.5s. Please inspect your container logs for more details., Details: Container ahmad-securebank-app successfully created and is running., DetailsLevel: INFO
2026-08-02T15:44:23.7858242+00:00 ContainerStatus: State: Starting, Action: WaitingForSiteWarmUpProbeSuccess, LastError: ContainerStartupFailure, LastErrorTimestamp: 08/02/2026 15:42:50, LastErrorDetails: Container exited with exit code 1 during startup after 1.5s. Please inspect your container logs for more details., Details: Pinging warmup path to ensure container is ready to receive requests., DetailsLevel: INFO
2026-08-02T15:44:24.1183120+00:00 ContainerStream:    _|_|                                            
2026-08-02T15:44:24.1185151+00:00 ContainerStream:  _|    _|  _|_|_|_|  _|    _|  _|  _|_|    _|_|    
2026-08-02T15:44:24.1185214+00:00 ContainerStream:  _|_|_|_|      _|    _|    _|  _|_|      _|_|_|_|  
2026-08-02T15:44:24.1185239+00:00 ContainerStream:  _|    _|    _|      _|    _|  _|        _|        
2026-08-02T15:44:24.1185272+00:00 ContainerStream:  _|    _|  _|_|_|_|    _|_|_|  _|          _|_|_|
2026-08-02T15:44:24.1185303+00:00 ContainerStream: 
2026-08-02T15:44:24.1185406+00:00 ContainerStream:      J A V A   O N   A P P   S E R V I C E
2026-08-02T15:44:24.1185431+00:00 ContainerStream: 
2026-08-02T15:44:24.1185455+00:00 ContainerStream: Documentation: https://aka.ms/appservice
2026-08-02T15:44:24.1185478+00:00 ContainerStream: 
2026-08-02T15:44:24.1185516+00:00 ContainerStream: **NOTE**: No files or system changes outside of /home will persist beyond your application's current session. /home is your application's persistent storage and is shared across all the server instances.
2026-08-02T15:44:24.1185540+00:00 ContainerStream: 
2026-08-02T15:44:24.1185561+00:00 ContainerStream: 
2026-08-02T15:44:24.1473109+00:00 ContainerStream: Determined OS to be: ubuntu
2026-08-02T15:44:24.1492666+00:00 ContainerStream: Updating /etc/ssh/sshd_config to use PORT 2222
2026-08-02T15:44:24.2631770+00:00 ContainerStream: Starting ssh service...
2026-08-02T15:44:25.1695872+00:00 ContainerStream: ssh-keygen: generating new host keys: DSA 
2026-08-02T15:44:25.7688855+00:00 ContainerStream:  * Starting OpenBSD Secure Shell server sshd
2026-08-02T15:44:25.9433205+00:00 ContainerStream:    ...done.
2026-08-02T15:44:26.1575617+00:00 ContainerStream:  * sshd is running
2026-08-02T15:44:26.1739810+00:00 ContainerStream: ## Printing build info...
2026-08-02T15:44:26.2026141+00:00 ContainerStream:                                            PACKAGE |                             VERSION | COMMIT
2026-08-02T15:44:26.2033822+00:00 ContainerStream:        Microsoft.AppService.WebsitesExtensionsJava |                        1.0.03290234 | ae284a4
2026-08-02T15:44:26.2033901+00:00 ContainerStream:                                               self |                        1.0.03296336 | 76247a61
2026-08-02T15:44:26.2033933+00:00 ContainerStream: ## Done printing build info.
2026-08-02T15:44:26.2034079+00:00 ContainerStream: Container info: WEBSITE_INSTANCE_ID = 7d4ee311498b261eb996c3c5566ae5bbd227759952a6214551a3ab4312f134f3 ; WEBSITE_SITE_NAME = ahmad-securebank-app
2026-08-02T15:44:26.2530392+00:00 ContainerStream: Add public certificates to keystore if exists...
2026-08-02T15:44:26.2672897+00:00 ContainerStream: Add private certificates to keystore if exists...
2026-08-02T15:44:26.2673087+00:00 ContainerStream: Configuring max heap = 1299 MB
2026-08-02T15:44:26.3897416+00:00 ContainerStream: STARTUP_FILE=
2026-08-02T15:44:26.3898131+00:00 ContainerStream: STARTUP_COMMAND=java -jar /home/site/wwwroot/app.jar
2026-08-02T15:44:26.3898183+00:00 ContainerStream: No STARTUP_FILE available.
2026-08-02T15:44:26.3898306+00:00 ContainerStream: Running STARTUP_COMMAND: java -jar /home/site/wwwroot/app.jar
2026-08-02T15:44:26.4652938+00:00 ContainerStream: Error: Unable to access jarfile /home/site/wwwroot/app.jar
2026-08-02T15:44:26.4754163+00:00 ContainerStream: Finished running startup file 'java -jar /home/site/wwwroot/app.jar'. Exit code: '1'.
2026-08-02T15:44:26.4766149+00:00 ContainerStream: Custom startup complete. Now, exiting with exit code '1'
2026-08-02T15:44:26.5060680+00:00 ContainerStatus: Container has finished running with exit code: 1.
2026-08-02T15:44:26.5062770+00:00 ContainerStatus: Container is terminating. Grace period: 5 seconds.
2026-08-02T15:44:26.5071151+00:00 ContainerStatus: Stop and delete container. Retry count = 0
2026-08-02T15:44:26.5072471+00:00 ContainerStatus: Stopping container: d7fabb140ec1_ahmad-securebank-app.
2026-08-02T15:44:26.6041230+00:00 ContainerStatus: Deleting container: d7fabb140ec1_ahmad-securebank-app. Retry count = 0
2026-08-02T15:44:26.9915609+00:00 ContainerStatus: Container spec TerminationMessagePolicy  path 
2026-08-02T15:44:27.0075869+00:00 ContainerStatus: Container is terminated. Total time elapsed: 485 ms.
2026-08-02T15:44:27.0077703+00:00 ContainerStatus: Site container: ahmad-securebank-app terminated during site startup.
2026-08-02T15:44:27.0083066+00:00 ContainerStatus: State: Stopping, Action: CancellingStartup, LastError: ContainerStartupFailure, LastErrorTimestamp: 08/02/2026 15:42:50, LastErrorDetails: Container exited with exit code 1 during startup after 1.5s. Please inspect your container logs for more details., Details: Site container: ahmad-securebank-app terminated during site startup. Cancelling site startup., DetailsLevel: ERR
2026-08-02T15:44:27.0448445+00:00 ContainerStatus: Site startup probe failed after 3.2241814 seconds.
2026-08-02T15:44:27.3127029+00:00 ContainerStatus: State: Stopping, Action: CancellingStartup, LastError: ContainerStartupFailure, LastErrorTimestamp: 08/02/2026 15:44:27, LastErrorDetails: Container exited with exit code 1 during startup after 3.4s. Please inspect your container logs for more details., Details: Site container: ahmad-securebank-app terminated during site startup. Cancelling site startup., DetailsLevel: ERR
2026-08-02T15:44:27.3153157+00:00 ContainerStatus: Failed to start site. Revert by stopping site.
2026-08-02T15:44:27.3154797+00:00 ContainerStatus: State: Stopping, Action: StoppingSite, LastError: ContainerStartupFailure, LastErrorTimestamp: 08/02/2026 15:44:27, LastErrorDetails: Container exited with exit code 1 during startup after 3.4s. Please inspect your container logs for more details., Details: Site container: ahmad-securebank-app terminated during site startup. Cancelling site startup., DetailsLevel: ERR
2026-08-02T15:44:27.3423852+00:00 ContainerStatus: State: Stopping, Action: StoppingSiteContainers, LastError: ContainerStartupFailure, LastErrorTimestamp: 08/02/2026 15:44:27, LastErrorDetails: Container exited with exit code 1 during startup after 3.4s. Please inspect your container logs for more details., Details: Site container: ahmad-securebank-app terminated during site startup. Cancelling site startup., DetailsLevel: ERR
2026-08-02T15:44:28.5008586+00:00 ContainerStatus: Site container: ahmad-securebank-app_managedIdentity terminated during site startup.
2026-08-02T15:44:28.5098574+00:00 ContainerStatus: State: Stopping, Action: StoppingSiteContainers, LastError: ContainerStartupFailure, LastErrorTimestamp: 08/02/2026 15:44:27, LastErrorDetails: Container exited with exit code 1 during startup after 3.4s. Please inspect your container logs for more details., Details: Site container: ahmad-securebank-app terminated during site startup. Cancelling site startup., DetailsLevel: ERR
2026-08-02T15:44:28.5107885+00:00 ContainerStatus: Site: ahmad-securebank-app stopped.
========== New Cold Start Attempt (2026-08-02T15:44:28.5298429+00:00) ==========
2026-08-02T15:44:28.5298429+00:00 ContainerStatus: State: Stopping, Action: UnmountingVolumes, LastError: ContainerStartupFailure, LastErrorTimestamp: 08/02/2026 15:44:27, LastErrorDetails: Container exited with exit code 1 during startup after 3.4s. Please inspect your container logs for more details., Details: Site container: ahmad-securebank-app terminated during site startup. Cancelling site startup., DetailsLevel: ERR
2026-08-02T15:44:28.8528884+00:00 ContainerStatus: State: Stopping, Action: StoppingSiteNetworks, LastError: ContainerStartupFailure, LastErrorTimestamp: 08/02/2026 15:44:27, LastErrorDetails: Container exited with exit code 1 during startup after 3.4s. Please inspect your container logs for more details., Details: Site container: ahmad-securebank-app terminated during site startup. Cancelling site startup., DetailsLevel: ERR
2026-08-02T15:44:35.5909302+00:00 ContainerStatus: State: Stopped, Action: None, LastError: ContainerStartupFailure, LastErrorTimestamp: 08/02/2026 15:44:27, LastErrorDetails: Container exited with exit code 1 during startup after 3.4s. Please inspect your container logs for more details., Details: Site stopped at 08/02/2026 15:44:35 (UTC), DetailsLevel: ERR
2026-08-02T15:44:35.9804324+00:00 ContainerStatus: State: Stopped, Action: None, LastError: ContainerStartupFailure, LastErrorTimestamp: 08/02/2026 15:44:27, LastErrorDetails: Container exited with exit code 1 during startup after 3.4s. Please inspect your container logs for more details., Details: Site stopped at 08/02/2026 15:44:35 (UTC), DetailsLevel: ERR
2026-08-02T15:47:59.6186774+00:00 ContainerStatus: State: Starting, Action: EstablishingSiteNetworks, LastError: ContainerStartupFailure, LastErrorTimestamp: 08/02/2026 15:44:27, LastErrorDetails: Container exited with exit code 1 during startup after 3.4s. Please inspect your container logs for more details., Details: Site stopped at 08/02/2026 15:44:35 (UTC), DetailsLevel: ERR
2026-08-02T15:48:11.9619654+00:00 ContainerStatus: State: Starting, Action: StartingMsiContainer, LastError: ContainerStartupFailure, LastErrorTimestamp: 08/02/2026 15:44:27, LastErrorDetails: Container exited with exit code 1 during startup after 3.4s. Please inspect your container logs for more details., Details: Site stopped at 08/02/2026 15:44:35 (UTC), DetailsLevel: ERR
2026-08-02T15:48:58.8625783+00:00 ContainerStatus: State: Starting, Action: StartingSiteContainers, LastError: ContainerStartupFailure, LastErrorTimestamp: 08/02/2026 15:44:27, LastErrorDetails: Container exited with exit code 1 during startup after 3.4s. Please inspect your container logs for more details., Details: Site stopped at 08/02/2026 15:44:35 (UTC), DetailsLevel: ERR
2026-08-02T15:48:58.8631247+00:00 ContainerStatus: Container start method called.
2026-08-02T15:48:58.8634255+00:00 ContainerStatus: State: Starting, Action: PullingImage, LastError: ContainerStartupFailure, LastErrorTimestamp: 08/02/2026 15:44:27, LastErrorDetails: Container exited with exit code 1 during startup after 3.4s. Please inspect your container logs for more details., Details: Pulling image 10.1.0.5:13209/azure-app-service/java:21.0.9-r260110 for ahmad-securebank-app., DetailsLevel: INFO
2026-08-02T15:48:58.8639153+00:00 ContainerStatus: Establishing network.
2026-08-02T15:48:58.8643929+00:00 ContainerStatus: Pulling image: azure-app-service/java:21.0.9-r260110.
2026-08-02T15:48:59.1098437+00:00 ContainerStatus: Container is starting.
2026-08-02T15:48:59.1108796+00:00 ContainerStatus: State: Starting, Action: MountingVolumes, LastError: ContainerStartupFailure, LastErrorTimestamp: 08/02/2026 15:44:27, LastErrorDetails: Container exited with exit code 1 during startup after 3.4s. Please inspect your container logs for more details., Details: Mounting volumes for ahmad-securebank-app., DetailsLevel: INFO
2026-08-02T15:48:59.1134070+00:00 ContainerStatus: Establishing user namespace if not established already.
2026-08-02T15:48:59.1135329+00:00 ContainerStatus: Establishing network if not established already.
2026-08-02T15:48:59.1140654+00:00 ContainerStatus: Mounting volumes.
2026-08-02T15:48:59.1148828+00:00 ContainerStatus: Nested mountpoint 
2026-08-02T15:48:59.1347306+00:00 ContainerStatus: Nested mountpoint volatile/logs
2026-08-02T15:48:59.1827835+00:00 ContainerStatus: Nested mountpoint 
2026-08-02T15:48:59.1934713+00:00 ContainerStatus: Nested mountpoint 
2026-08-02T15:48:59.3519300+00:00 ContainerStatus: State: Starting, Action: CreatingContainer, LastError: ContainerStartupFailure, LastErrorTimestamp: 08/02/2026 15:44:27, LastErrorDetails: Container exited with exit code 1 during startup after 3.4s. Please inspect your container logs for more details., Details: Finished pulling container image and mounting volumes for ahmad-securebank-app. Allocatinng the rest of the container resources to finish container creation., DetailsLevel: INFO
2026-08-02T15:48:59.3532249+00:00 ContainerStatus: Creating container.
2026-08-02T15:48:59.3535430+00:00 ContainerStatus: Creating pipes for streaming container io.
2026-08-02T15:48:59.3600058+00:00 ContainerStatus: Creating stdout named pipe at /podr/container/pipe/97c9e7b4be51_ahmad-securebank-app/stdout_6388bfedca564097b8c7a23a052cea0e.
2026-08-02T15:48:59.3613397+00:00 ContainerStatus: Successfully created stdout named pipe at: /podr/container/pipe/97c9e7b4be51_ahmad-securebank-app/stdout_6388bfedca564097b8c7a23a052cea0e.
2026-08-02T15:48:59.3620219+00:00 ContainerStatus: Opening named pipe /podr/container/pipe/97c9e7b4be51_ahmad-securebank-app/stdout_6388bfedca564097b8c7a23a052cea0e for reading in non-blocking mode.
2026-08-02T15:48:59.3703147+00:00 ContainerStatus: Successfully opened named pipe: /podr/container/pipe/97c9e7b4be51_ahmad-securebank-app/stdout_6388bfedca564097b8c7a23a052cea0e.
2026-08-02T15:48:59.3709699+00:00 ContainerStatus: Successfully removed non-blocking flag from /podr/container/pipe/97c9e7b4be51_ahmad-securebank-app/stdout_6388bfedca564097b8c7a23a052cea0e.
2026-08-02T15:48:59.4119282+00:00 ContainerStatus: Creating stderr named pipe at /podr/container/pipe/97c9e7b4be51_ahmad-securebank-app/stderr_ebda1f516ad84959a755014781102294.
2026-08-02T15:48:59.4121233+00:00 ContainerStatus: Successfully created stderr named pipe at: /podr/container/pipe/97c9e7b4be51_ahmad-securebank-app/stderr_ebda1f516ad84959a755014781102294.
2026-08-02T15:48:59.4121907+00:00 ContainerStatus: Opening named pipe /podr/container/pipe/97c9e7b4be51_ahmad-securebank-app/stderr_ebda1f516ad84959a755014781102294 for reading in non-blocking mode.
2026-08-02T15:48:59.4122706+00:00 ContainerStatus: Successfully opened named pipe: /podr/container/pipe/97c9e7b4be51_ahmad-securebank-app/stderr_ebda1f516ad84959a755014781102294.
2026-08-02T15:48:59.4123290+00:00 ContainerStatus: Successfully removed non-blocking flag from /podr/container/pipe/97c9e7b4be51_ahmad-securebank-app/stderr_ebda1f516ad84959a755014781102294.
2026-08-02T15:48:59.4400316+00:00 ContainerStatus: Overriding PORT environment variable with pre-calculated port: 80.
2026-08-02T15:48:59.4408743+00:00 ContainerStatus: Setting value of PORT variable to 80
2026-08-02T15:48:59.4417626+00:00 ContainerStatus: Creating container with image: azure-app-service/java:21.0.9-r260110 from registry: 10.1.0.5:13209 and fully qualified image name: 10.1.0.5:13209/azure-app-service/java:21.0.9-r260110
2026-08-02T15:49:00.2430622+00:00 ContainerStatus: Starting container: 97c9e7b4be51_ahmad-securebank-app.
2026-08-02T15:49:00.3257625+00:00 ContainerStatus: Starting watchers and probes.
2026-08-02T15:49:00.3267692+00:00 ContainerStatus: Starting metrics collection.
2026-08-02T15:49:00.3335651+00:00 ContainerStatus: Container is running.
2026-08-02T15:49:00.3337695+00:00 ContainerStatus: State: Starting, Action: CreatingContainer, LastError: ContainerStartupFailure, LastErrorTimestamp: 08/02/2026 15:44:27, LastErrorDetails: Container exited with exit code 1 during startup after 3.4s. Please inspect your container logs for more details., Details: Container ahmad-securebank-app successfully created and is running., DetailsLevel: INFO
2026-08-02T15:49:00.5639278+00:00 ContainerStatus: Container start method finished after 1700 ms.
2026-08-02T15:49:00.5641113+00:00 ContainerStatus: State: Starting, Action: InitiatingSiteWarmUpProbe, LastError: ContainerStartupFailure, LastErrorTimestamp: 08/02/2026 15:44:27, LastErrorDetails: Container exited with exit code 1 during startup after 3.4s. Please inspect your container logs for more details., Details: Container ahmad-securebank-app successfully created and is running., DetailsLevel: INFO
2026-08-02T15:49:00.5641370+00:00 ContainerStatus: State: Starting, Action: WaitingForSiteWarmUpProbeSuccess, LastError: ContainerStartupFailure, LastErrorTimestamp: 08/02/2026 15:44:27, LastErrorDetails: Container exited with exit code 1 during startup after 3.4s. Please inspect your container logs for more details., Details: Pinging warmup path to ensure container is ready to receive requests., DetailsLevel: INFO
2026-08-02T15:49:00.7721730+00:00 ContainerStream:    _|_|                                            
2026-08-02T15:49:00.7722271+00:00 ContainerStream:  _|    _|  _|_|_|_|  _|    _|  _|  _|_|    _|_|    
2026-08-02T15:49:00.7722314+00:00 ContainerStream:  _|_|_|_|      _|    _|    _|  _|_|      _|_|_|_|  
2026-08-02T15:49:00.7722339+00:00 ContainerStream:  _|    _|    _|      _|    _|  _|        _|        
2026-08-02T15:49:00.7722361+00:00 ContainerStream:  _|    _|  _|_|_|_|    _|_|_|  _|          _|_|_|
2026-08-02T15:49:00.7722382+00:00 ContainerStream: 
2026-08-02T15:49:00.7722407+00:00 ContainerStream:      J A V A   O N   A P P   S E R V I C E
2026-08-02T15:49:00.7722425+00:00 ContainerStream: 
2026-08-02T15:49:00.7722447+00:00 ContainerStream: Documentation: https://aka.ms/appservice
2026-08-02T15:49:00.7722471+00:00 ContainerStream: 
2026-08-02T15:49:00.7722750+00:00 ContainerStream: **NOTE**: No files or system changes outside of /home will persist beyond your application's current session. /home is your application's persistent storage and is shared across all the server instances.
2026-08-02T15:49:00.7722772+00:00 ContainerStream: 
2026-08-02T15:49:00.7722791+00:00 ContainerStream: 
2026-08-02T15:49:00.7837261+00:00 ContainerStream: Determined OS to be: ubuntu
2026-08-02T15:49:00.7837422+00:00 ContainerStream: Updating /etc/ssh/sshd_config to use PORT 2222
2026-08-02T15:49:00.8124653+00:00 ContainerStream: Starting ssh service...
2026-08-02T15:49:01.1373658+00:00 ContainerStream: ssh-keygen: generating new host keys: DSA 
2026-08-02T15:49:01.3126513+00:00 ContainerStream:  * Starting OpenBSD Secure Shell server sshd
2026-08-02T15:49:01.3933422+00:00 ContainerStream:    ...done.
2026-08-02T15:49:01.5415036+00:00 ContainerStream:  * sshd is running
2026-08-02T15:49:01.5518700+00:00 ContainerStream: ## Printing build info...
2026-08-02T15:49:01.5815836+00:00 ContainerStream:                                            PACKAGE |                             VERSION | COMMIT
2026-08-02T15:49:01.5816831+00:00 ContainerStream:        Microsoft.AppService.WebsitesExtensionsJava |                        1.0.03290234 | ae284a4
2026-08-02T15:49:01.5816883+00:00 ContainerStream:                                               self |                        1.0.03296336 | 76247a61
2026-08-02T15:49:01.5817003+00:00 ContainerStream: ## Done printing build info.
2026-08-02T15:49:01.5817034+00:00 ContainerStream: Container info: WEBSITE_INSTANCE_ID = 7d4ee311498b261eb996c3c5566ae5bbd227759952a6214551a3ab4312f134f3 ; WEBSITE_SITE_NAME = ahmad-securebank-app
2026-08-02T15:49:01.6389285+00:00 ContainerStream: Add public certificates to keystore if exists...
2026-08-02T15:49:01.6401113+00:00 ContainerStream: Add private certificates to keystore if exists...
2026-08-02T15:49:01.6565245+00:00 ContainerStream: Configuring max heap = 1299 MB
2026-08-02T15:49:01.8320239+00:00 ContainerStream: STARTUP_FILE=
2026-08-02T15:49:01.8320785+00:00 ContainerStream: STARTUP_COMMAND=java -jar /home/site/wwwroot/app.jar
2026-08-02T15:49:01.8320819+00:00 ContainerStream: No STARTUP_FILE available.
2026-08-02T15:49:01.8320840+00:00 ContainerStream: Running STARTUP_COMMAND: java -jar /home/site/wwwroot/app.jar
2026-08-02T15:49:01.9207946+00:00 ContainerStream: Error: Unable to access jarfile /home/site/wwwroot/app.jar
2026-08-02T15:49:01.9487737+00:00 ContainerStatus: Container has finished running with exit code: 1.
2026-08-02T15:49:01.9498383+00:00 ContainerStatus: Container is terminating. Grace period: 5 seconds.
2026-08-02T15:49:01.9503232+00:00 ContainerStream: Finished running startup file 'java -jar /home/site/wwwroot/app.jar'. Exit code: '1'.
2026-08-02T15:49:01.9503395+00:00 ContainerStream: Custom startup complete. Now, exiting with exit code '1'
2026-08-02T15:49:01.9694292+00:00 ContainerStatus: Stop and delete container. Retry count = 0
2026-08-02T15:49:01.9697206+00:00 ContainerStatus: Stopping container: 97c9e7b4be51_ahmad-securebank-app.
2026-08-02T15:49:02.0743280+00:00 ContainerStatus: Deleting container: 97c9e7b4be51_ahmad-securebank-app. Retry count = 0
2026-08-02T15:49:02.3111213+00:00 ContainerStatus: Container spec TerminationMessagePolicy  path 
2026-08-02T15:49:02.3118038+00:00 ContainerStatus: Container is terminated. Total time elapsed: 361 ms.
2026-08-02T15:49:02.3173955+00:00 ContainerStatus: Site container: ahmad-securebank-app terminated during site startup.
2026-08-02T15:49:02.3181646+00:00 ContainerStatus: State: Stopping, Action: CancellingStartup, LastError: ContainerStartupFailure, LastErrorTimestamp: 08/02/2026 15:44:27, LastErrorDetails: Container exited with exit code 1 during startup after 3.4s. Please inspect your container logs for more details., Details: Site container: ahmad-securebank-app terminated during site startup. Cancelling site startup., DetailsLevel: ERR
2026-08-02T15:49:02.3562331+00:00 ContainerStatus: Site startup probe failed after 1.6918307 seconds.
2026-08-02T15:49:02.5331009+00:00 ContainerStatus: State: Stopping, Action: CancellingStartup, LastError: ContainerStartupFailure, LastErrorTimestamp: 08/02/2026 15:49:02, LastErrorDetails: Container exited with exit code 1 during startup after 2.0s. Please inspect your container logs for more details., Details: Site container: ahmad-securebank-app terminated during site startup. Cancelling site startup., DetailsLevel: ERR
2026-08-02T15:49:02.6010186+00:00 ContainerStatus: Failed to start site. Revert by stopping site.
2026-08-02T15:49:02.6016412+00:00 ContainerStatus: State: Stopping, Action: StoppingSite, LastError: ContainerStartupFailure, LastErrorTimestamp: 08/02/2026 15:49:02, LastErrorDetails: Container exited with exit code 1 during startup after 2.0s. Please inspect your container logs for more details., Details: Site container: ahmad-securebank-app terminated during site startup. Cancelling site startup., DetailsLevel: ERR
2026-08-02T15:49:02.6184011+00:00 ContainerStatus: State: Stopping, Action: StoppingSiteContainers, LastError: ContainerStartupFailure, LastErrorTimestamp: 08/02/2026 15:49:02, LastErrorDetails: Container exited with exit code 1 during startup after 2.0s. Please inspect your container logs for more details., Details: Site container: ahmad-securebank-app terminated during site startup. Cancelling site startup., DetailsLevel: ERR
2026-08-02T15:49:03.0093624+00:00 ContainerStatus: Site container: ahmad-securebank-app_managedIdentity terminated during site startup.
2026-08-02T15:49:03.0263738+00:00 ContainerStatus: State: Stopping, Action: StoppingSiteContainers, LastError: ContainerStartupFailure, LastErrorTimestamp: 08/02/2026 15:49:02, LastErrorDetails: Container exited with exit code 1 during startup after 2.0s. Please inspect your container logs for more details., Details: Site container: ahmad-securebank-app terminated during site startup. Cancelling site startup., DetailsLevel: ERR
2026-08-02T15:49:03.0270379+00:00 ContainerStatus: Site: ahmad-securebank-app stopped.
========== New Cold Start Attempt (2026-08-02T15:49:03.0357591+00:00) ==========
2026-08-02T15:49:03.0357591+00:00 ContainerStatus: State: Stopping, Action: UnmountingVolumes, LastError: ContainerStartupFailure, LastErrorTimestamp: 08/02/2026 15:49:02, LastErrorDetails: Container exited with exit code 1 during startup after 2.0s. Please inspect your container logs for more details., Details: Site container: ahmad-securebank-app terminated during site startup. Cancelling site startup., DetailsLevel: ERR
2026-08-02T15:49:03.5295536+00:00 ContainerStatus: State: Stopping, Action: StoppingSiteNetworks, LastError: ContainerStartupFailure, LastErrorTimestamp: 08/02/2026 15:49:02, LastErrorDetails: Container exited with exit code 1 during startup after 2.0s. Please inspect your container logs for more details., Details: Site container: ahmad-securebank-app terminated during site startup. Cancelling site startup., DetailsLevel: ERR
2026-08-02T15:49:09.7929108+00:00 ContainerStatus: Site: ahmad-securebank-app will be blocked for 1 minutes till 08/02/2026 15:50:09
2026-08-02T15:49:09.7931055+00:00 ContainerStatus: State: Blocked, Action: StoppingSiteNetworks, LastError: ContainerStartupFailure, LastErrorTimestamp: 08/02/2026 15:49:02, LastErrorDetails: Container exited with exit code 1 during startup after 2.0s. Please inspect your container logs for more details., Details: Site: ahmad-securebank-app will be blocked for 1 minutes till 08/02/2026 15:50:09, DetailsLevel: WARN
2026-08-02T15:49:09.7933595+00:00 ContainerStatus: State: Stopped, Action: None, LastError: ContainerStartupFailure, LastErrorTimestamp: 08/02/2026 15:49:02, LastErrorDetails: Container exited with exit code 1 during startup after 2.0s. Please inspect your container logs for more details., Details: Site stopped at 08/02/2026 15:49:09 (UTC), DetailsLevel: WARN
2026-08-02T15:49:10.1198328+00:00 ContainerStatus: State: Stopped, Action: None, LastError: ContainerStartupFailure, LastErrorTimestamp: 08/02/2026 15:49:02, LastErrorDetails: Container exited with exit code 1 during startup after 2.0s. Please inspect your container logs for more details., Details: Site stopped at 08/02/2026 15:49:09 (UTC), DetailsLevel: WARN
2026-08-02T15:50:09.7908694+00:00 ContainerStatus: Site: ahmad-securebank-app is unblocked.
2026-08-02T16:23:01.6019312+00:00 ContainerStatus: State: Starting, Action: EstablishingSiteNetworks, LastError: ContainerStartupFailure, LastErrorTimestamp: 08/02/2026 15:49:02, LastErrorDetails: Container exited with exit code 1 during startup after 2.0s. Please inspect your container logs for more details., Details: Site stopped at 08/02/2026 15:49:09 (UTC), DetailsLevel: WARN
2026-08-02T16:23:11.9167554+00:00 ContainerStatus: State: Starting, Action: StartingMsiContainer, LastError: ContainerStartupFailure, LastErrorTimestamp: 08/02/2026 15:49:02, LastErrorDetails: Container exited with exit code 1 during startup after 2.0s. Please inspect your container logs for more details., Details: Site stopped at 08/02/2026 15:49:09 (UTC), DetailsLevel: WARN
2026-08-02T16:24:03.2116269+00:00 ContainerStatus: State: Starting, Action: StartingSiteContainers, LastError: ContainerStartupFailure, LastErrorTimestamp: 08/02/2026 15:49:02, LastErrorDetails: Container exited with exit code 1 during startup after 2.0s. Please inspect your container logs for more details., Details: Site stopped at 08/02/2026 15:49:09 (UTC), DetailsLevel: WARN
2026-08-02T16:24:03.2117187+00:00 ContainerStatus: Container start method called.
2026-08-02T16:24:03.2117604+00:00 ContainerStatus: State: Starting, Action: PullingImage, LastError: ContainerStartupFailure, LastErrorTimestamp: 08/02/2026 15:49:02, LastErrorDetails: Container exited with exit code 1 during startup after 2.0s. Please inspect your container logs for more details., Details: Pulling image 10.1.0.5:13209/azure-app-service/java:21.0.9-r260110 for ahmad-securebank-app., DetailsLevel: INFO
2026-08-02T16:24:03.2118125+00:00 ContainerStatus: Establishing network.
2026-08-02T16:24:03.2118930+00:00 ContainerStatus: Pulling image: azure-app-service/java:21.0.9-r260110.
2026-08-02T16:24:03.5559632+00:00 ContainerStatus: Container is starting.
2026-08-02T16:24:03.5561026+00:00 ContainerStatus: State: Starting, Action: MountingVolumes, LastError: ContainerStartupFailure, LastErrorTimestamp: 08/02/2026 15:49:02, LastErrorDetails: Container exited with exit code 1 during startup after 2.0s. Please inspect your container logs for more details., Details: Mounting volumes for ahmad-securebank-app., DetailsLevel: INFO
2026-08-02T16:24:03.5562472+00:00 ContainerStatus: Establishing user namespace if not established already.
2026-08-02T16:24:03.5563591+00:00 ContainerStatus: Establishing network if not established already.
2026-08-02T16:24:03.5564850+00:00 ContainerStatus: Mounting volumes.
2026-08-02T16:24:03.5567900+00:00 ContainerStatus: Nested mountpoint 
2026-08-02T16:24:03.6048658+00:00 ContainerStatus: Nested mountpoint volatile/logs
2026-08-02T16:24:03.6987619+00:00 ContainerStatus: Nested mountpoint 
2026-08-02T16:24:03.7191555+00:00 ContainerStatus: Nested mountpoint 
2026-08-02T16:24:03.8794408+00:00 ContainerStatus: State: Starting, Action: CreatingContainer, LastError: ContainerStartupFailure, LastErrorTimestamp: 08/02/2026 15:49:02, LastErrorDetails: Container exited with exit code 1 during startup after 2.0s. Please inspect your container logs for more details., Details: Finished pulling container image and mounting volumes for ahmad-securebank-app. Allocatinng the rest of the container resources to finish container creation., DetailsLevel: INFO
2026-08-02T16:24:03.9054449+00:00 ContainerStatus: Creating container.
2026-08-02T16:24:03.9056306+00:00 ContainerStatus: Creating pipes for streaming container io.
2026-08-02T16:24:03.9066348+00:00 ContainerStatus: Creating stdout named pipe at /podr/container/pipe/86f5946ec590_ahmad-securebank-app/stdout_21f64b6a610943ba9eceeabe759a6e22.
2026-08-02T16:24:03.9090512+00:00 ContainerStatus: Successfully created stdout named pipe at: /podr/container/pipe/86f5946ec590_ahmad-securebank-app/stdout_21f64b6a610943ba9eceeabe759a6e22.
2026-08-02T16:24:03.9673425+00:00 ContainerStatus: Opening named pipe /podr/container/pipe/86f5946ec590_ahmad-securebank-app/stdout_21f64b6a610943ba9eceeabe759a6e22 for reading in non-blocking mode.
2026-08-02T16:24:04.0213585+00:00 ContainerStatus: Successfully opened named pipe: /podr/container/pipe/86f5946ec590_ahmad-securebank-app/stdout_21f64b6a610943ba9eceeabe759a6e22.
2026-08-02T16:24:04.0215901+00:00 ContainerStatus: Successfully removed non-blocking flag from /podr/container/pipe/86f5946ec590_ahmad-securebank-app/stdout_21f64b6a610943ba9eceeabe759a6e22.
2026-08-02T16:24:04.0330105+00:00 ContainerStatus: Creating stderr named pipe at /podr/container/pipe/86f5946ec590_ahmad-securebank-app/stderr_0c748f0a5acd4fe8af2ccbe49a475fb4.
2026-08-02T16:24:04.0331804+00:00 ContainerStatus: Successfully created stderr named pipe at: /podr/container/pipe/86f5946ec590_ahmad-securebank-app/stderr_0c748f0a5acd4fe8af2ccbe49a475fb4.
2026-08-02T16:24:04.0332432+00:00 ContainerStatus: Opening named pipe /podr/container/pipe/86f5946ec590_ahmad-securebank-app/stderr_0c748f0a5acd4fe8af2ccbe49a475fb4 for reading in non-blocking mode.
2026-08-02T16:24:04.0912297+00:00 ContainerStatus: Successfully opened named pipe: /podr/container/pipe/86f5946ec590_ahmad-securebank-app/stderr_0c748f0a5acd4fe8af2ccbe49a475fb4.
2026-08-02T16:24:04.0917702+00:00 ContainerStatus: Successfully removed non-blocking flag from /podr/container/pipe/86f5946ec590_ahmad-securebank-app/stderr_0c748f0a5acd4fe8af2ccbe49a475fb4.
2026-08-02T16:24:04.1183659+00:00 ContainerStatus: Overriding PORT environment variable with pre-calculated port: 80.
2026-08-02T16:24:04.1199737+00:00 ContainerStatus: Setting value of PORT variable to 80
2026-08-02T16:24:04.1264605+00:00 ContainerStatus: Creating container with image: azure-app-service/java:21.0.9-r260110 from registry: 10.1.0.5:13209 and fully qualified image name: 10.1.0.5:13209/azure-app-service/java:21.0.9-r260110
2026-08-02T16:24:05.9778645+00:00 ContainerStatus: Starting container: 86f5946ec590_ahmad-securebank-app.
2026-08-02T16:24:06.1946479+00:00 ContainerStatus: Starting watchers and probes.
2026-08-02T16:24:06.2375198+00:00 ContainerStatus: Starting metrics collection.
2026-08-02T16:24:06.2378688+00:00 ContainerStatus: Container is running.
2026-08-02T16:24:06.2511439+00:00 ContainerStatus: State: Starting, Action: CreatingContainer, LastError: ContainerStartupFailure, LastErrorTimestamp: 08/02/2026 15:49:02, LastErrorDetails: Container exited with exit code 1 during startup after 2.0s. Please inspect your container logs for more details., Details: Container ahmad-securebank-app successfully created and is running., DetailsLevel: INFO
2026-08-02T16:24:06.4950166+00:00 ContainerStatus: Container start method finished after 3283 ms.
2026-08-02T16:24:06.5741665+00:00 ContainerStatus: State: Starting, Action: InitiatingSiteWarmUpProbe, LastError: ContainerStartupFailure, LastErrorTimestamp: 08/02/2026 15:49:02, LastErrorDetails: Container exited with exit code 1 during startup after 2.0s. Please inspect your container logs for more details., Details: Container ahmad-securebank-app successfully created and is running., DetailsLevel: INFO
2026-08-02T16:24:06.5744742+00:00 ContainerStatus: State: Starting, Action: WaitingForSiteWarmUpProbeSuccess, LastError: ContainerStartupFailure, LastErrorTimestamp: 08/02/2026 15:49:02, LastErrorDetails: Container exited with exit code 1 during startup after 2.0s. Please inspect your container logs for more details., Details: Pinging warmup path to ensure container is ready to receive requests., DetailsLevel: INFO
2026-08-02T16:24:06.8686492+00:00 ContainerStream:    _|_|                                            
2026-08-02T16:24:06.8686981+00:00 ContainerStream:  _|    _|  _|_|_|_|  _|    _|  _|  _|_|    _|_|    
2026-08-02T16:24:06.8687020+00:00 ContainerStream:  _|_|_|_|      _|    _|    _|  _|_|      _|_|_|_|  
2026-08-02T16:24:06.8687044+00:00 ContainerStream:  _|    _|    _|      _|    _|  _|        _|        
2026-08-02T16:24:06.8687066+00:00 ContainerStream:  _|    _|  _|_|_|_|    _|_|_|  _|          _|_|_|
2026-08-02T16:24:06.8687192+00:00 ContainerStream: 
2026-08-02T16:24:06.8687215+00:00 ContainerStream:      J A V A   O N   A P P   S E R V I C E
2026-08-02T16:24:06.8687234+00:00 ContainerStream: 
2026-08-02T16:24:06.8687256+00:00 ContainerStream: Documentation: https://aka.ms/appservice
2026-08-02T16:24:06.8687275+00:00 ContainerStream: 
2026-08-02T16:24:06.8687308+00:00 ContainerStream: **NOTE**: No files or system changes outside of /home will persist beyond your application's current session. /home is your application's persistent storage and is shared across all the server instances.
2026-08-02T16:24:06.8687326+00:00 ContainerStream: 
2026-08-02T16:24:06.8687344+00:00 ContainerStream: 
2026-08-02T16:24:06.9089183+00:00 ContainerStream: Determined OS to be: ubuntu
2026-08-02T16:24:06.9089478+00:00 ContainerStream: Updating /etc/ssh/sshd_config to use PORT 2222
2026-08-02T16:24:07.0249249+00:00 ContainerStream: Starting ssh service...
2026-08-02T16:24:07.4752648+00:00 ContainerStream: ssh-keygen: generating new host keys: DSA 
2026-08-02T16:24:07.9684502+00:00 ContainerStream:  * Starting OpenBSD Secure Shell server sshd
2026-08-02T16:24:08.1562927+00:00 ContainerStream:    ...done.
2026-08-02T16:24:08.3789441+00:00 ContainerStream:  * sshd is running
2026-08-02T16:24:08.3887616+00:00 ContainerStream: ## Printing build info...
2026-08-02T16:24:08.4080820+00:00 ContainerStream:                                            PACKAGE |                             VERSION | COMMIT
2026-08-02T16:24:08.4081128+00:00 ContainerStream:        Microsoft.AppService.WebsitesExtensionsJava |                        1.0.03290234 | ae284a4
2026-08-02T16:24:08.4081289+00:00 ContainerStream:                                               self |                        1.0.03296336 | 76247a61
2026-08-02T16:24:08.4088909+00:00 ContainerStream: ## Done printing build info.
2026-08-02T16:24:08.4094003+00:00 ContainerStream: Container info: WEBSITE_INSTANCE_ID = 7d4ee311498b261eb996c3c5566ae5bbd227759952a6214551a3ab4312f134f3 ; WEBSITE_SITE_NAME = ahmad-securebank-app
2026-08-02T16:24:08.4367295+00:00 ContainerStream: Add public certificates to keystore if exists...
2026-08-02T16:24:08.4373618+00:00 ContainerStream: Add private certificates to keystore if exists...
2026-08-02T16:24:08.4379927+00:00 ContainerStream: Configuring max heap = 1299 MB
2026-08-02T16:24:08.5707955+00:00 ContainerStream: Error: Unable to access jarfile /home/site/wwwroot/app.jar
2026-08-02T16:24:08.5708786+00:00 ContainerStream: STARTUP_FILE=
2026-08-02T16:24:08.5837003+00:00 ContainerStatus: Container has finished running with exit code: 1.
2026-08-02T16:24:08.5837990+00:00 ContainerStream: STARTUP_COMMAND=java -jar /home/site/wwwroot/app.jar
2026-08-02T16:24:08.5838064+00:00 ContainerStream: No STARTUP_FILE available.
2026-08-02T16:24:08.5838094+00:00 ContainerStream: Running STARTUP_COMMAND: java -jar /home/site/wwwroot/app.jar
2026-08-02T16:24:08.5838119+00:00 ContainerStream: Finished running startup file 'java -jar /home/site/wwwroot/app.jar'. Exit code: '1'.
2026-08-02T16:24:08.5838140+00:00 ContainerStream: Custom startup complete. Now, exiting with exit code '1'
2026-08-02T16:24:08.5853332+00:00 ContainerStatus: Container is terminating. Grace period: 5 seconds.
2026-08-02T16:24:08.5955165+00:00 ContainerStatus: Stop and delete container. Retry count = 0
2026-08-02T16:24:08.5969923+00:00 ContainerStatus: Stopping container: 86f5946ec590_ahmad-securebank-app.
2026-08-02T16:24:08.7790768+00:00 ContainerStatus: Deleting container: 86f5946ec590_ahmad-securebank-app. Retry count = 0
2026-08-02T16:24:09.1318300+00:00 ContainerStatus: Container spec TerminationMessagePolicy  path 
2026-08-02T16:24:09.1328504+00:00 ContainerStatus: Container is terminated. Total time elapsed: 546 ms.
2026-08-02T16:24:09.1330109+00:00 ContainerStatus: Site container: ahmad-securebank-app terminated during site startup.
2026-08-02T16:24:09.1332983+00:00 ContainerStatus: State: Stopping, Action: CancellingStartup, LastError: ContainerStartupFailure, LastErrorTimestamp: 08/02/2026 15:49:02, LastErrorDetails: Container exited with exit code 1 during startup after 2.0s. Please inspect your container logs for more details., Details: Site container: ahmad-securebank-app terminated during site startup. Cancelling site startup., DetailsLevel: ERR
2026-08-02T16:24:09.1714618+00:00 ContainerStatus: Site startup probe failed after 2.5482262 seconds.
2026-08-02T16:24:09.4012366+00:00 ContainerStatus: State: Stopping, Action: CancellingStartup, LastError: ContainerStartupFailure, LastErrorTimestamp: 08/02/2026 16:24:09, LastErrorDetails: Container exited with exit code 1 during startup after 2.9s. Please inspect your container logs for more details., Details: Site container: ahmad-securebank-app terminated during site startup. Cancelling site startup., DetailsLevel: ERR
2026-08-02T16:24:09.4399696+00:00 ContainerStatus: Failed to start site. Revert by stopping site.
2026-08-02T16:24:09.4479042+00:00 ContainerStatus: State: Stopping, Action: StoppingSite, LastError: ContainerStartupFailure, LastErrorTimestamp: 08/02/2026 16:24:09, LastErrorDetails: Container exited with exit code 1 during startup after 2.9s. Please inspect your container logs for more details., Details: Site container: ahmad-securebank-app terminated during site startup. Cancelling site startup., DetailsLevel: ERR
2026-08-02T16:24:09.4492068+00:00 ContainerStatus: State: Stopping, Action: StoppingSiteContainers, LastError: ContainerStartupFailure, LastErrorTimestamp: 08/02/2026 16:24:09, LastErrorDetails: Container exited with exit code 1 during startup after 2.9s. Please inspect your container logs for more details., Details: Site container: ahmad-securebank-app terminated during site startup. Cancelling site startup., DetailsLevel: ERR
2026-08-02T16:24:09.9219943+00:00 ContainerStatus: Site container: ahmad-securebank-app_managedIdentity terminated during site startup.
2026-08-02T16:24:09.9222449+00:00 ContainerStatus: State: Stopping, Action: StoppingSiteContainers, LastError: ContainerStartupFailure, LastErrorTimestamp: 08/02/2026 16:24:09, LastErrorDetails: Container exited with exit code 1 during startup after 2.9s. Please inspect your container logs for more details., Details: Site container: ahmad-securebank-app terminated during site startup. Cancelling site startup., DetailsLevel: ERR
2026-08-02T16:24:09.9225312+00:00 ContainerStatus: Site: ahmad-securebank-app stopped.
========== New Cold Start Attempt (2026-08-02T16:24:09.9336404+00:00) ==========
2026-08-02T16:24:09.9336404+00:00 ContainerStatus: State: Stopping, Action: UnmountingVolumes, LastError: ContainerStartupFailure, LastErrorTimestamp: 08/02/2026 16:24:09, LastErrorDetails: Container exited with exit code 1 during startup after 2.9s. Please inspect your container logs for more details., Details: Site container: ahmad-securebank-app terminated during site startup. Cancelling site startup., DetailsLevel: ERR
2026-08-02T16:24:10.4712338+00:00 ContainerStatus: State: Stopping, Action: StoppingSiteNetworks, LastError: ContainerStartupFailure, LastErrorTimestamp: 08/02/2026 16:24:09, LastErrorDetails: Container exited with exit code 1 during startup after 2.9s. Please inspect your container logs for more details., Details: Site container: ahmad-securebank-app terminated during site startup. Cancelling site startup., DetailsLevel: ERR
2026-08-02T16:24:16.9343445+00:00 ContainerStatus: Site: ahmad-securebank-app will be blocked for 1 minutes till 08/02/2026 16:25:16
2026-08-02T16:24:16.9345058+00:00 ContainerStatus: State: Blocked, Action: StoppingSiteNetworks, LastError: ContainerStartupFailure, LastErrorTimestamp: 08/02/2026 16:24:09, LastErrorDetails: Container exited with exit code 1 during startup after 2.9s. Please inspect your container logs for more details., Details: Site: ahmad-securebank-app will be blocked for 1 minutes till 08/02/2026 16:25:16, DetailsLevel: WARN
2026-08-02T16:24:16.9347935+00:00 ContainerStatus: State: Stopped, Action: None, LastError: ContainerStartupFailure, LastErrorTimestamp: 08/02/2026 16:24:09, LastErrorDetails: Container exited with exit code 1 during startup after 2.9s. Please inspect your container logs for more details., Details: Site stopped at 08/02/2026 16:24:16 (UTC), DetailsLevel: WARN
2026-08-02T16:24:17.6352556+00:00 ContainerStatus: State: Stopped, Action: None, LastError: ContainerStartupFailure, LastErrorTimestamp: 08/02/2026 16:24:09, LastErrorDetails: Container exited with exit code 1 during startup after 2.9s. Please inspect your container logs for more details., Details: Site stopped at 08/02/2026 16:24:16 (UTC), DetailsLevel: WARN
2026-08-02T16:25:16.9373971+00:00 ContainerStatus: Site: ahmad-securebank-app is unblocked.
2026-08-02T16:58:04.3133058+00:00 ContainerStatus: State: Starting, Action: EstablishingSiteNetworks, LastError: ContainerStartupFailure, LastErrorTimestamp: 08/02/2026 16:24:09, LastErrorDetails: Container exited with exit code 1 during startup after 2.9s. Please inspect your container logs for more details., Details: Site stopped at 08/02/2026 16:24:16 (UTC), DetailsLevel: WARN
2026-08-02T16:58:14.2376659+00:00 ContainerStatus: State: Starting, Action: StartingMsiContainer, LastError: ContainerStartupFailure, LastErrorTimestamp: 08/02/2026 16:24:09, LastErrorDetails: Container exited with exit code 1 during startup after 2.9s. Please inspect your container logs for more details., Details: Site stopped at 08/02/2026 16:24:16 (UTC), DetailsLevel: WARN
2026-08-02T16:59:03.2027850+00:00 ContainerStatus: State: Starting, Action: StartingSiteContainers, LastError: ContainerStartupFailure, LastErrorTimestamp: 08/02/2026 16:24:09, LastErrorDetails: Container exited with exit code 1 during startup after 2.9s. Please inspect your container logs for more details., Details: Site stopped at 08/02/2026 16:24:16 (UTC), DetailsLevel: WARN
2026-08-02T16:59:03.2033114+00:00 ContainerStatus: Container start method called.
2026-08-02T16:59:03.2048867+00:00 ContainerStatus: State: Starting, Action: PullingImage, LastError: ContainerStartupFailure, LastErrorTimestamp: 08/02/2026 16:24:09, LastErrorDetails: Container exited with exit code 1 during startup after 2.9s. Please inspect your container logs for more details., Details: Pulling image 10.1.0.5:13209/azure-app-service/java:21.0.9-r260110 for ahmad-securebank-app., DetailsLevel: INFO
2026-08-02T16:59:03.2050433+00:00 ContainerStatus: Establishing network.
2026-08-02T16:59:03.2212828+00:00 ContainerStatus: Pulling image: azure-app-service/java:21.0.9-r260110.
2026-08-02T16:59:03.4256890+00:00 ContainerStatus: Container is starting.
2026-08-02T16:59:03.4260591+00:00 ContainerStatus: State: Starting, Action: MountingVolumes, LastError: ContainerStartupFailure, LastErrorTimestamp: 08/02/2026 16:24:09, LastErrorDetails: Container exited with exit code 1 during startup after 2.9s. Please inspect your container logs for more details., Details: Mounting volumes for ahmad-securebank-app., DetailsLevel: INFO
2026-08-02T16:59:03.4329155+00:00 ContainerStatus: Establishing user namespace if not established already.
2026-08-02T16:59:03.4331524+00:00 ContainerStatus: Establishing network if not established already.
2026-08-02T16:59:03.4332983+00:00 ContainerStatus: Mounting volumes.
2026-08-02T16:59:03.4336782+00:00 ContainerStatus: Nested mountpoint 
2026-08-02T16:59:03.4650379+00:00 ContainerStatus: Nested mountpoint volatile/logs
2026-08-02T16:59:03.5233090+00:00 ContainerStatus: Nested mountpoint 
2026-08-02T16:59:03.5423405+00:00 ContainerStatus: Nested mountpoint 
2026-08-02T16:59:03.6618043+00:00 ContainerStatus: State: Starting, Action: CreatingContainer, LastError: ContainerStartupFailure, LastErrorTimestamp: 08/02/2026 16:24:09, LastErrorDetails: Container exited with exit code 1 during startup after 2.9s. Please inspect your container logs for more details., Details: Finished pulling container image and mounting volumes for ahmad-securebank-app. Allocatinng the rest of the container resources to finish container creation., DetailsLevel: INFO
2026-08-02T16:59:03.6620914+00:00 ContainerStatus: Creating container.
2026-08-02T16:59:03.6640588+00:00 ContainerStatus: Creating pipes for streaming container io.
2026-08-02T16:59:03.6642607+00:00 ContainerStatus: Creating stdout named pipe at /podr/container/pipe/ad896abe2c83_ahmad-securebank-app/stdout_d7b35a15cdff4236b9979badd54d8845.
2026-08-02T16:59:03.6645053+00:00 ContainerStatus: Successfully created stdout named pipe at: /podr/container/pipe/ad896abe2c83_ahmad-securebank-app/stdout_d7b35a15cdff4236b9979badd54d8845.
2026-08-02T16:59:03.6647246+00:00 ContainerStatus: Opening named pipe /podr/container/pipe/ad896abe2c83_ahmad-securebank-app/stdout_d7b35a15cdff4236b9979badd54d8845 for reading in non-blocking mode.
2026-08-02T16:59:03.6648732+00:00 ContainerStatus: Successfully opened named pipe: /podr/container/pipe/ad896abe2c83_ahmad-securebank-app/stdout_d7b35a15cdff4236b9979badd54d8845.
2026-08-02T16:59:03.6649977+00:00 ContainerStatus: Successfully removed non-blocking flag from /podr/container/pipe/ad896abe2c83_ahmad-securebank-app/stdout_d7b35a15cdff4236b9979badd54d8845.
2026-08-02T16:59:03.7321467+00:00 ContainerStatus: Creating stderr named pipe at /podr/container/pipe/ad896abe2c83_ahmad-securebank-app/stderr_dbe0f57cc4024bbd9bdac3f012bcdbb6.
2026-08-02T16:59:03.7323309+00:00 ContainerStatus: Successfully created stderr named pipe at: /podr/container/pipe/ad896abe2c83_ahmad-securebank-app/stderr_dbe0f57cc4024bbd9bdac3f012bcdbb6.
2026-08-02T16:59:03.7324175+00:00 ContainerStatus: Opening named pipe /podr/container/pipe/ad896abe2c83_ahmad-securebank-app/stderr_dbe0f57cc4024bbd9bdac3f012bcdbb6 for reading in non-blocking mode.
2026-08-02T16:59:03.7324985+00:00 ContainerStatus: Successfully opened named pipe: /podr/container/pipe/ad896abe2c83_ahmad-securebank-app/stderr_dbe0f57cc4024bbd9bdac3f012bcdbb6.
2026-08-02T16:59:03.7343173+00:00 ContainerStatus: Successfully removed non-blocking flag from /podr/container/pipe/ad896abe2c83_ahmad-securebank-app/stderr_dbe0f57cc4024bbd9bdac3f012bcdbb6.
2026-08-02T16:59:03.7345059+00:00 ContainerStatus: Overriding PORT environment variable with pre-calculated port: 80.
2026-08-02T16:59:03.7345619+00:00 ContainerStatus: Setting value of PORT variable to 80
2026-08-02T16:59:03.7347416+00:00 ContainerStatus: Creating container with image: azure-app-service/java:21.0.9-r260110 from registry: 10.1.0.5:13209 and fully qualified image name: 10.1.0.5:13209/azure-app-service/java:21.0.9-r260110
2026-08-02T16:59:04.4398268+00:00 ContainerStatus: Starting container: ad896abe2c83_ahmad-securebank-app.
2026-08-02T16:59:04.5561863+00:00 ContainerStatus: Starting watchers and probes.
2026-08-02T16:59:04.5569051+00:00 ContainerStatus: Starting metrics collection.
2026-08-02T16:59:04.5571871+00:00 ContainerStatus: Container is running.
2026-08-02T16:59:04.5573230+00:00 ContainerStatus: State: Starting, Action: CreatingContainer, LastError: ContainerStartupFailure, LastErrorTimestamp: 08/02/2026 16:24:09, LastErrorDetails: Container exited with exit code 1 during startup after 2.9s. Please inspect your container logs for more details., Details: Container ahmad-securebank-app successfully created and is running., DetailsLevel: INFO
2026-08-02T16:59:04.8048114+00:00 ContainerStatus: Container start method finished after 1600 ms.
2026-08-02T16:59:04.8151785+00:00 ContainerStatus: State: Starting, Action: InitiatingSiteWarmUpProbe, LastError: ContainerStartupFailure, LastErrorTimestamp: 08/02/2026 16:24:09, LastErrorDetails: Container exited with exit code 1 during startup after 2.9s. Please inspect your container logs for more details., Details: Container ahmad-securebank-app successfully created and is running., DetailsLevel: INFO
2026-08-02T16:59:04.8152150+00:00 ContainerStatus: State: Starting, Action: WaitingForSiteWarmUpProbeSuccess, LastError: ContainerStartupFailure, LastErrorTimestamp: 08/02/2026 16:24:09, LastErrorDetails: Container exited with exit code 1 during startup after 2.9s. Please inspect your container logs for more details., Details: Pinging warmup path to ensure container is ready to receive requests., DetailsLevel: INFO
2026-08-02T16:59:05.0146973+00:00 ContainerStream:    _|_|                                            
2026-08-02T16:59:05.0147567+00:00 ContainerStream:  _|    _|  _|_|_|_|  _|    _|  _|  _|_|    _|_|    
2026-08-02T16:59:05.0147602+00:00 ContainerStream:  _|_|_|_|      _|    _|    _|  _|_|      _|_|_|_|  
2026-08-02T16:59:05.0147622+00:00 ContainerStream:  _|    _|    _|      _|    _|  _|        _|        
2026-08-02T16:59:05.0147647+00:00 ContainerStream:  _|    _|  _|_|_|_|    _|_|_|  _|          _|_|_|
2026-08-02T16:59:05.0147924+00:00 ContainerStream: 
2026-08-02T16:59:05.0147945+00:00 ContainerStream:      J A V A   O N   A P P   S E R V I C E
2026-08-02T16:59:05.0147961+00:00 ContainerStream: 
2026-08-02T16:59:05.0148175+00:00 ContainerStream: Documentation: https://aka.ms/appservice
2026-08-02T16:59:05.0148191+00:00 ContainerStream: 
2026-08-02T16:59:05.0148221+00:00 ContainerStream: **NOTE**: No files or system changes outside of /home will persist beyond your application's current session. /home is your application's persistent storage and is shared across all the server instances.
2026-08-02T16:59:05.0148236+00:00 ContainerStream: 
2026-08-02T16:59:05.0148251+00:00 ContainerStream: 
2026-08-02T16:59:05.0316836+00:00 ContainerStream: Determined OS to be: ubuntu
2026-08-02T16:59:05.0320433+00:00 ContainerStream: Updating /etc/ssh/sshd_config to use PORT 2222
2026-08-02T16:59:05.0723770+00:00 ContainerStream: Starting ssh service...
2026-08-02T16:59:05.1913133+00:00 ContainerStream: ssh-keygen: generating new host keys: DSA 
2026-08-02T16:59:05.4430903+00:00 ContainerStream:  * Starting OpenBSD Secure Shell server sshd
2026-08-02T16:59:05.5095631+00:00 ContainerStream:    ...done.
2026-08-02T16:59:05.6110647+00:00 ContainerStream:  * sshd is running
2026-08-02T16:59:05.6219512+00:00 ContainerStream: ## Printing build info...
2026-08-02T16:59:05.6387782+00:00 ContainerStream:                                            PACKAGE |                             VERSION | COMMIT
2026-08-02T16:59:05.6388128+00:00 ContainerStream:        Microsoft.AppService.WebsitesExtensionsJava |                        1.0.03290234 | ae284a4
2026-08-02T16:59:05.6388170+00:00 ContainerStream:                                               self |                        1.0.03296336 | 76247a61
2026-08-02T16:59:05.6395305+00:00 ContainerStream: ## Done printing build info.
2026-08-02T16:59:05.6399580+00:00 ContainerStream: Container info: WEBSITE_INSTANCE_ID = 7d4ee311498b261eb996c3c5566ae5bbd227759952a6214551a3ab4312f134f3 ; WEBSITE_SITE_NAME = ahmad-securebank-app
2026-08-02T16:59:05.6701776+00:00 ContainerStream: Add public certificates to keystore if exists...
2026-08-02T16:59:05.6706132+00:00 ContainerStream: Add private certificates to keystore if exists...
2026-08-02T16:59:05.6717733+00:00 ContainerStream: Configuring max heap = 1299 MB
2026-08-02T16:59:05.7678285+00:00 ContainerStream: STARTUP_FILE=
2026-08-02T16:59:05.7678620+00:00 ContainerStream: STARTUP_COMMAND=java -jar /home/site/wwwroot/app.jar
2026-08-02T16:59:05.7678650+00:00 ContainerStream: No STARTUP_FILE available.
2026-08-02T16:59:05.7678671+00:00 ContainerStream: Running STARTUP_COMMAND: java -jar /home/site/wwwroot/app.jar
2026-08-02T16:59:05.7824953+00:00 ContainerStream: Error: Unable to access jarfile /home/site/wwwroot/app.jar
2026-08-02T16:59:05.7837427+00:00 ContainerStream: Finished running startup file 'java -jar /home/site/wwwroot/app.jar'. Exit code: '1'.
2026-08-02T16:59:05.7972235+00:00 ContainerStream: Custom startup complete. Now, exiting with exit code '1'
2026-08-02T16:59:05.8195951+00:00 ContainerStatus: Container has finished running with exit code: 1.
2026-08-02T16:59:05.8202709+00:00 ContainerStatus: Container is terminating. Grace period: 5 seconds.
2026-08-02T16:59:05.8278512+00:00 ContainerStatus: Stop and delete container. Retry count = 0
2026-08-02T16:59:05.8279166+00:00 ContainerStatus: Stopping container: ad896abe2c83_ahmad-securebank-app.
2026-08-02T16:59:05.9069362+00:00 ContainerStatus: Deleting container: ad896abe2c83_ahmad-securebank-app. Retry count = 0
2026-08-02T16:59:06.1590495+00:00 ContainerStatus: Container spec TerminationMessagePolicy  path 
2026-08-02T16:59:06.1673113+00:00 ContainerStatus: Container is terminated. Total time elapsed: 346 ms.
2026-08-02T16:59:06.1677332+00:00 ContainerStatus: Site container: ahmad-securebank-app terminated during site startup.
2026-08-02T16:59:06.1678339+00:00 ContainerStatus: State: Stopping, Action: CancellingStartup, LastError: ContainerStartupFailure, LastErrorTimestamp: 08/02/2026 16:24:09, LastErrorDetails: Container exited with exit code 1 during startup after 2.9s. Please inspect your container logs for more details., Details: Site container: ahmad-securebank-app terminated during site startup. Cancelling site startup., DetailsLevel: ERR
2026-08-02T16:59:06.1792176+00:00 ContainerStatus: Site startup probe failed after 1.3059571 seconds.
2026-08-02T16:59:06.3550484+00:00 ContainerStatus: State: Stopping, Action: CancellingStartup, LastError: ContainerStartupFailure, LastErrorTimestamp: 08/02/2026 16:59:06, LastErrorDetails: Container exited with exit code 1 during startup after 1.6s. Please inspect your container logs for more details., Details: Site container: ahmad-securebank-app terminated during site startup. Cancelling site startup., DetailsLevel: ERR
2026-08-02T16:59:06.3836964+00:00 ContainerStatus: Failed to start site. Revert by stopping site.
2026-08-02T16:59:06.3860831+00:00 ContainerStatus: State: Stopping, Action: StoppingSite, LastError: ContainerStartupFailure, LastErrorTimestamp: 08/02/2026 16:59:06, LastErrorDetails: Container exited with exit code 1 during startup after 1.6s. Please inspect your container logs for more details., Details: Site container: ahmad-securebank-app terminated during site startup. Cancelling site startup., DetailsLevel: ERR
2026-08-02T16:59:06.3927303+00:00 ContainerStatus: State: Stopping, Action: StoppingSiteContainers, LastError: ContainerStartupFailure, LastErrorTimestamp: 08/02/2026 16:59:06, LastErrorDetails: Container exited with exit code 1 during startup after 1.6s. Please inspect your container logs for more details., Details: Site container: ahmad-securebank-app terminated during site startup. Cancelling site startup., DetailsLevel: ERR
2026-08-02T16:59:06.7720894+00:00 ContainerStatus: Site container: ahmad-securebank-app_managedIdentity terminated during site startup.
2026-08-02T16:59:06.7727822+00:00 ContainerStatus: State: Stopping, Action: StoppingSiteContainers, LastError: ContainerStartupFailure, LastErrorTimestamp: 08/02/2026 16:59:06, LastErrorDetails: Container exited with exit code 1 during startup after 1.6s. Please inspect your container logs for more details., Details: Site container: ahmad-securebank-app terminated during site startup. Cancelling site startup., DetailsLevel: ERR
2026-08-02T16:59:06.7745266+00:00 ContainerStatus: Site: ahmad-securebank-app stopped.
========== New Cold Start Attempt (2026-08-02T16:59:06.7840181+00:00) ==========
2026-08-02T16:59:06.7840181+00:00 ContainerStatus: State: Stopping, Action: UnmountingVolumes, LastError: ContainerStartupFailure, LastErrorTimestamp: 08/02/2026 16:59:06, LastErrorDetails: Container exited with exit code 1 during startup after 1.6s. Please inspect your container logs for more details., Details: Site container: ahmad-securebank-app terminated during site startup. Cancelling site startup., DetailsLevel: ERR
2026-08-02T16:59:07.1509784+00:00 ContainerStatus: State: Stopping, Action: StoppingSiteNetworks, LastError: ContainerStartupFailure, LastErrorTimestamp: 08/02/2026 16:59:06, LastErrorDetails: Container exited with exit code 1 during startup after 1.6s. Please inspect your container logs for more details., Details: Site container: ahmad-securebank-app terminated during site startup. Cancelling site startup., DetailsLevel: ERR
2026-08-02T16:59:13.8491300+00:00 ContainerStatus: Site: ahmad-securebank-app will be blocked for 2 minutes till 08/02/2026 17:01:13
2026-08-02T16:59:13.8532525+00:00 ContainerStatus: State: Blocked, Action: StoppingSiteNetworks, LastError: ContainerStartupFailure, LastErrorTimestamp: 08/02/2026 16:59:06, LastErrorDetails: Container exited with exit code 1 during startup after 1.6s. Please inspect your container logs for more details., Details: Site: ahmad-securebank-app will be blocked for 2 minutes till 08/02/2026 17:01:13, DetailsLevel: WARN
2026-08-02T16:59:13.8704320+00:00 ContainerStatus: State: Stopped, Action: None, LastError: ContainerStartupFailure, LastErrorTimestamp: 08/02/2026 16:59:06, LastErrorDetails: Container exited with exit code 1 during startup after 1.6s. Please inspect your container logs for more details., Details: Site stopped at 08/02/2026 16:59:13 (UTC), DetailsLevel: WARN
2026-08-02T16:59:14.3195212+00:00 ContainerStatus: State: Stopped, Action: None, LastError: ContainerStartupFailure, LastErrorTimestamp: 08/02/2026 16:59:06, LastErrorDetails: Container exited with exit code 1 during startup after 1.6s. Please inspect your container logs for more details., Details: Site stopped at 08/02/2026 16:59:13 (UTC), DetailsLevel: WARN
2026-08-02T17:01:13.8459505+00:00 ContainerStatus: Site: ahmad-securebank-app is unblocked.
2026-08-02T17:33:05.2340050+00:00 ContainerStatus: State: Starting, Action: EstablishingSiteNetworks, LastError: ContainerStartupFailure, LastErrorTimestamp: 08/02/2026 16:59:06, LastErrorDetails: Container exited with exit code 1 during startup after 1.6s. Please inspect your container logs for more details., Details: Site stopped at 08/02/2026 16:59:13 (UTC), DetailsLevel: WARN
2026-08-02T17:33:15.9715550+00:00 ContainerStatus: State: Starting, Action: StartingMsiContainer, LastError: ContainerStartupFailure, LastErrorTimestamp: 08/02/2026 16:59:06, LastErrorDetails: Container exited with exit code 1 during startup after 1.6s. Please inspect your container logs for more details., Details: Site stopped at 08/02/2026 16:59:13 (UTC), DetailsLevel: WARN
2026-08-02T17:34:08.1413127+00:00 ContainerStatus: State: Starting, Action: StartingSiteContainers, LastError: ContainerStartupFailure, LastErrorTimestamp: 08/02/2026 16:59:06, LastErrorDetails: Container exited with exit code 1 during startup after 1.6s. Please inspect your container logs for more details., Details: Site stopped at 08/02/2026 16:59:13 (UTC), DetailsLevel: WARN
2026-08-02T17:34:08.1478593+00:00 ContainerStatus: Container start method called.
2026-08-02T17:34:08.1484391+00:00 ContainerStatus: State: Starting, Action: PullingImage, LastError: ContainerStartupFailure, LastErrorTimestamp: 08/02/2026 16:59:06, LastErrorDetails: Container exited with exit code 1 during startup after 1.6s. Please inspect your container logs for more details., Details: Pulling image 10.1.0.5:13209/azure-app-service/java:21.0.9-r260110 for ahmad-securebank-app., DetailsLevel: INFO
2026-08-02T17:34:08.1485690+00:00 ContainerStatus: Establishing network.
2026-08-02T17:34:08.1500424+00:00 ContainerStatus: Pulling image: azure-app-service/java:21.0.9-r260110.
2026-08-02T17:34:08.4092267+00:00 ContainerStatus: Container is starting.
2026-08-02T17:34:08.4093491+00:00 ContainerStatus: State: Starting, Action: MountingVolumes, LastError: ContainerStartupFailure, LastErrorTimestamp: 08/02/2026 16:59:06, LastErrorDetails: Container exited with exit code 1 during startup after 1.6s. Please inspect your container logs for more details., Details: Mounting volumes for ahmad-securebank-app., DetailsLevel: INFO
2026-08-02T17:34:08.4094623+00:00 ContainerStatus: Establishing user namespace if not established already.
2026-08-02T17:34:08.4101086+00:00 ContainerStatus: Establishing network if not established already.
2026-08-02T17:34:08.4272797+00:00 ContainerStatus: Mounting volumes.
2026-08-02T17:34:08.4274386+00:00 ContainerStatus: Nested mountpoint 
2026-08-02T17:34:08.4473992+00:00 ContainerStatus: Nested mountpoint volatile/logs
2026-08-02T17:34:08.4496646+00:00 ContainerStatus: Nested mountpoint 
2026-08-02T17:34:08.4991547+00:00 ContainerStatus: Nested mountpoint 
2026-08-02T17:34:08.6373564+00:00 ContainerStatus: State: Starting, Action: CreatingContainer, LastError: ContainerStartupFailure, LastErrorTimestamp: 08/02/2026 16:59:06, LastErrorDetails: Container exited with exit code 1 during startup after 1.6s. Please inspect your container logs for more details., Details: Finished pulling container image and mounting volumes for ahmad-securebank-app. Allocatinng the rest of the container resources to finish container creation., DetailsLevel: INFO
2026-08-02T17:34:08.6374738+00:00 ContainerStatus: Creating container.
2026-08-02T17:34:08.6661989+00:00 ContainerStatus: Creating pipes for streaming container io.
2026-08-02T17:34:08.6663371+00:00 ContainerStatus: Creating stdout named pipe at /podr/container/pipe/5748ff045749_ahmad-securebank-app/stdout_5ec16858be724ce69a77620a499b6c6f.
2026-08-02T17:34:08.6668617+00:00 ContainerStatus: Successfully created stdout named pipe at: /podr/container/pipe/5748ff045749_ahmad-securebank-app/stdout_5ec16858be724ce69a77620a499b6c6f.
2026-08-02T17:34:08.6671240+00:00 ContainerStatus: Opening named pipe /podr/container/pipe/5748ff045749_ahmad-securebank-app/stdout_5ec16858be724ce69a77620a499b6c6f for reading in non-blocking mode.
2026-08-02T17:34:08.6672094+00:00 ContainerStatus: Successfully opened named pipe: /podr/container/pipe/5748ff045749_ahmad-securebank-app/stdout_5ec16858be724ce69a77620a499b6c6f.
2026-08-02T17:34:08.6672584+00:00 ContainerStatus: Successfully removed non-blocking flag from /podr/container/pipe/5748ff045749_ahmad-securebank-app/stdout_5ec16858be724ce69a77620a499b6c6f.
2026-08-02T17:34:08.6673581+00:00 ContainerStatus: Creating stderr named pipe at /podr/container/pipe/5748ff045749_ahmad-securebank-app/stderr_ed498b4a561142d89332799178ff4a4d.
2026-08-02T17:34:08.6674555+00:00 ContainerStatus: Successfully created stderr named pipe at: /podr/container/pipe/5748ff045749_ahmad-securebank-app/stderr_ed498b4a561142d89332799178ff4a4d.
2026-08-02T17:34:08.6675058+00:00 ContainerStatus: Opening named pipe /podr/container/pipe/5748ff045749_ahmad-securebank-app/stderr_ed498b4a561142d89332799178ff4a4d for reading in non-blocking mode.
2026-08-02T17:34:08.6675697+00:00 ContainerStatus: Successfully opened named pipe: /podr/container/pipe/5748ff045749_ahmad-securebank-app/stderr_ed498b4a561142d89332799178ff4a4d.
2026-08-02T17:34:08.6676168+00:00 ContainerStatus: Successfully removed non-blocking flag from /podr/container/pipe/5748ff045749_ahmad-securebank-app/stderr_ed498b4a561142d89332799178ff4a4d.
2026-08-02T17:34:08.6677092+00:00 ContainerStatus: Overriding PORT environment variable with pre-calculated port: 80.
2026-08-02T17:34:08.6677485+00:00 ContainerStatus: Setting value of PORT variable to 80
2026-08-02T17:34:08.6684029+00:00 ContainerStatus: Creating container with image: azure-app-service/java:21.0.9-r260110 from registry: 10.1.0.5:13209 and fully qualified image name: 10.1.0.5:13209/azure-app-service/java:21.0.9-r260110
2026-08-02T17:34:09.4419571+00:00 ContainerStatus: Starting container: 5748ff045749_ahmad-securebank-app.
2026-08-02T17:34:09.5670994+00:00 ContainerStatus: Starting watchers and probes.
2026-08-02T17:34:09.5683006+00:00 ContainerStatus: Starting metrics collection.
2026-08-02T17:34:09.5809883+00:00 ContainerStatus: Container is running.
2026-08-02T17:34:09.5896312+00:00 ContainerStatus: State: Starting, Action: CreatingContainer, LastError: ContainerStartupFailure, LastErrorTimestamp: 08/02/2026 16:59:06, LastErrorDetails: Container exited with exit code 1 during startup after 1.6s. Please inspect your container logs for more details., Details: Container ahmad-securebank-app successfully created and is running., DetailsLevel: INFO
2026-08-02T17:34:09.7075467+00:00 ContainerStatus: Container start method finished after 1559 ms.
2026-08-02T17:34:09.7087827+00:00 ContainerStatus: State: Starting, Action: InitiatingSiteWarmUpProbe, LastError: ContainerStartupFailure, LastErrorTimestamp: 08/02/2026 16:59:06, LastErrorDetails: Container exited with exit code 1 during startup after 1.6s. Please inspect your container logs for more details., Details: Container ahmad-securebank-app successfully created and is running., DetailsLevel: INFO
2026-08-02T17:34:09.7648545+00:00 ContainerStatus: State: Starting, Action: WaitingForSiteWarmUpProbeSuccess, LastError: ContainerStartupFailure, LastErrorTimestamp: 08/02/2026 16:59:06, LastErrorDetails: Container exited with exit code 1 during startup after 1.6s. Please inspect your container logs for more details., Details: Pinging warmup path to ensure container is ready to receive requests., DetailsLevel: INFO
2026-08-02T17:34:09.8480850+00:00 ContainerStream:    _|_|                                            
2026-08-02T17:34:09.8481071+00:00 ContainerStream:  _|    _|  _|_|_|_|  _|    _|  _|  _|_|    _|_|    
2026-08-02T17:34:09.8481099+00:00 ContainerStream:  _|_|_|_|      _|    _|    _|  _|_|      _|_|_|_|  
2026-08-02T17:34:09.8481122+00:00 ContainerStream:  _|    _|    _|      _|    _|  _|        _|        
2026-08-02T17:34:09.8481147+00:00 ContainerStream:  _|    _|  _|_|_|_|    _|_|_|  _|          _|_|_|
2026-08-02T17:34:09.8481165+00:00 ContainerStream: 
2026-08-02T17:34:09.8481187+00:00 ContainerStream:      J A V A   O N   A P P   S E R V I C E
2026-08-02T17:34:09.8481205+00:00 ContainerStream: 
2026-08-02T17:34:09.8481227+00:00 ContainerStream: Documentation: https://aka.ms/appservice
2026-08-02T17:34:09.8481245+00:00 ContainerStream: 
2026-08-02T17:34:09.8481277+00:00 ContainerStream: **NOTE**: No files or system changes outside of /home will persist beyond your application's current session. /home is your application's persistent storage and is shared across all the server instances.
2026-08-02T17:34:09.8481295+00:00 ContainerStream: 
2026-08-02T17:34:09.8481314+00:00 ContainerStream: 
2026-08-02T17:34:09.8575044+00:00 ContainerStream: Determined OS to be: ubuntu
2026-08-02T17:34:09.8575154+00:00 ContainerStream: Updating /etc/ssh/sshd_config to use PORT 2222
2026-08-02T17:34:10.0277218+00:00 ContainerStream: Starting ssh service...
2026-08-02T17:34:10.1934341+00:00 ContainerStream: ssh-keygen: generating new host keys: DSA 
2026-08-02T17:34:10.4671026+00:00 ContainerStream:  * Starting OpenBSD Secure Shell server sshd
2026-08-02T17:34:10.5481208+00:00 ContainerStream:    ...done.
2026-08-02T17:34:10.7160927+00:00 ContainerStream:  * sshd is running
2026-08-02T17:34:10.7356934+00:00 ContainerStream: ## Printing build info...
2026-08-02T17:34:10.7452566+00:00 ContainerStream:                                            PACKAGE |                             VERSION | COMMIT
2026-08-02T17:34:10.7453038+00:00 ContainerStream:        Microsoft.AppService.WebsitesExtensionsJava |                        1.0.03290234 | ae284a4
2026-08-02T17:34:10.7453090+00:00 ContainerStream:                                               self |                        1.0.03296336 | 76247a61
2026-08-02T17:34:10.7453111+00:00 ContainerStream: ## Done printing build info.
2026-08-02T17:34:10.7453138+00:00 ContainerStream: Container info: WEBSITE_INSTANCE_ID = 7d4ee311498b261eb996c3c5566ae5bbd227759952a6214551a3ab4312f134f3 ; WEBSITE_SITE_NAME = ahmad-securebank-app
2026-08-02T17:34:10.7745777+00:00 ContainerStream: Add public certificates to keystore if exists...
2026-08-02T17:34:10.7756286+00:00 ContainerStream: Add private certificates to keystore if exists...
2026-08-02T17:34:10.7968511+00:00 ContainerStream: Configuring max heap = 1299 MB
2026-08-02T17:34:10.9534771+00:00 ContainerStream: STARTUP_FILE=
2026-08-02T17:34:10.9535193+00:00 ContainerStream: STARTUP_COMMAND=java -jar /home/site/wwwroot/app.jar
2026-08-02T17:34:10.9535228+00:00 ContainerStream: No STARTUP_FILE available.
2026-08-02T17:34:10.9535252+00:00 ContainerStream: Running STARTUP_COMMAND: java -jar /home/site/wwwroot/app.jar
2026-08-02T17:34:11.1850956+00:00 ContainerStream: Finished running startup file 'java -jar /home/site/wwwroot/app.jar'. Exit code: '1'.
2026-08-02T17:34:11.1851398+00:00 ContainerStream: Custom startup complete. Now, exiting with exit code '1'
2026-08-02T17:34:11.1953506+00:00 ContainerStream: Error: Unable to access jarfile /home/site/wwwroot/app.jar
2026-08-02T17:34:11.1961932+00:00 ContainerStatus: Container has finished running with exit code: 1.
2026-08-02T17:34:11.1963282+00:00 ContainerStatus: Container is terminating. Grace period: 5 seconds.
2026-08-02T17:34:11.2077163+00:00 ContainerStatus: Stop and delete container. Retry count = 0
2026-08-02T17:34:11.2087400+00:00 ContainerStatus: Stopping container: 5748ff045749_ahmad-securebank-app.
2026-08-02T17:34:11.3338159+00:00 ContainerStatus: Deleting container: 5748ff045749_ahmad-securebank-app. Retry count = 0
2026-08-02T17:34:11.6354012+00:00 ContainerStatus: Container spec TerminationMessagePolicy  path 
2026-08-02T17:34:11.6424260+00:00 ContainerStatus: Container is terminated. Total time elapsed: 436 ms.
2026-08-02T17:34:11.6433156+00:00 ContainerStatus: Site container: ahmad-securebank-app terminated during site startup.
2026-08-02T17:34:11.6452419+00:00 ContainerStatus: State: Stopping, Action: CancellingStartup, LastError: ContainerStartupFailure, LastErrorTimestamp: 08/02/2026 16:59:06, LastErrorDetails: Container exited with exit code 1 during startup after 1.6s. Please inspect your container logs for more details., Details: Site container: ahmad-securebank-app terminated during site startup. Cancelling site startup., DetailsLevel: ERR
2026-08-02T17:34:11.6637404+00:00 ContainerStatus: Site startup probe failed after 1.8945515 seconds.
2026-08-02T17:34:11.9021171+00:00 ContainerStatus: State: Stopping, Action: CancellingStartup, LastError: ContainerStartupFailure, LastErrorTimestamp: 08/02/2026 17:34:11, LastErrorDetails: Container exited with exit code 1 during startup after 2.1s. Please inspect your container logs for more details., Details: Site container: ahmad-securebank-app terminated during site startup. Cancelling site startup., DetailsLevel: ERR
2026-08-02T17:34:11.9227462+00:00 ContainerStatus: Failed to start site. Revert by stopping site.
2026-08-02T17:34:11.9311931+00:00 ContainerStatus: State: Stopping, Action: StoppingSite, LastError: ContainerStartupFailure, LastErrorTimestamp: 08/02/2026 17:34:11, LastErrorDetails: Container exited with exit code 1 during startup after 2.1s. Please inspect your container logs for more details., Details: Site container: ahmad-securebank-app terminated during site startup. Cancelling site startup., DetailsLevel: ERR
2026-08-02T17:34:11.9338660+00:00 ContainerStatus: State: Stopping, Action: StoppingSiteContainers, LastError: ContainerStartupFailure, LastErrorTimestamp: 08/02/2026 17:34:11, LastErrorDetails: Container exited with exit code 1 during startup after 2.1s. Please inspect your container logs for more details., Details: Site container: ahmad-securebank-app terminated during site startup. Cancelling site startup., DetailsLevel: ERR
2026-08-02T17:34:12.4491635+00:00 ContainerStatus: Site container: ahmad-securebank-app_managedIdentity terminated during site startup.
2026-08-02T17:34:12.4652269+00:00 ContainerStatus: State: Stopping, Action: StoppingSiteContainers, LastError: ContainerStartupFailure, LastErrorTimestamp: 08/02/2026 17:34:11, LastErrorDetails: Container exited with exit code 1 during startup after 2.1s. Please inspect your container logs for more details., Details: Site container: ahmad-securebank-app terminated during site startup. Cancelling site startup., DetailsLevel: ERR
2026-08-02T17:34:12.4667107+00:00 ContainerStatus: Site: ahmad-securebank-app stopped.
========== New Cold Start Attempt (2026-08-02T17:34:12.4856693+00:00) ==========
2026-08-02T17:34:12.4856693+00:00 ContainerStatus: State: Stopping, Action: UnmountingVolumes, LastError: ContainerStartupFailure, LastErrorTimestamp: 08/02/2026 17:34:11, LastErrorDetails: Container exited with exit code 1 during startup after 2.1s. Please inspect your container logs for more details., Details: Site container: ahmad-securebank-app terminated during site startup. Cancelling site startup., DetailsLevel: ERR
2026-08-02T17:34:12.9535985+00:00 ContainerStatus: State: Stopping, Action: StoppingSiteNetworks, LastError: ContainerStartupFailure, LastErrorTimestamp: 08/02/2026 17:34:11, LastErrorDetails: Container exited with exit code 1 during startup after 2.1s. Please inspect your container logs for more details., Details: Site container: ahmad-securebank-app terminated during site startup. Cancelling site startup., DetailsLevel: ERR
2026-08-02T17:34:19.9842611+00:00 ContainerStatus: Site: ahmad-securebank-app will be blocked for 2 minutes till 08/02/2026 17:36:19
2026-08-02T17:34:19.9921826+00:00 ContainerStatus: State: Blocked, Action: StoppingSiteNetworks, LastError: ContainerStartupFailure, LastErrorTimestamp: 08/02/2026 17:34:11, LastErrorDetails: Container exited with exit code 1 during startup after 2.1s. Please inspect your container logs for more details., Details: Site: ahmad-securebank-app will be blocked for 2 minutes till 08/02/2026 17:36:19, DetailsLevel: WARN
2026-08-02T17:34:20.0024522+00:00 ContainerStatus: State: Stopped, Action: None, LastError: ContainerStartupFailure, LastErrorTimestamp: 08/02/2026 17:34:11, LastErrorDetails: Container exited with exit code 1 during startup after 2.1s. Please inspect your container logs for more details., Details: Site stopped at 08/02/2026 17:34:20 (UTC), DetailsLevel: WARN
2026-08-02T17:34:20.3520678+00:00 ContainerStatus: State: Stopped, Action: None, LastError: ContainerStartupFailure, LastErrorTimestamp: 08/02/2026 17:34:11, LastErrorDetails: Container exited with exit code 1 during startup after 2.1s. Please inspect your container logs for more details., Details: Site stopped at 08/02/2026 17:34:20 (UTC), DetailsLevel: WARN
2026-08-02T17:36:19.9869460+00:00 ContainerStatus: Site: ahmad-securebank-app is unblocked.
2026-08-02T18:08:07.6428428+00:00 ContainerStatus: State: Starting, Action: EstablishingSiteNetworks, LastError: ContainerStartupFailure, LastErrorTimestamp: 08/02/2026 17:34:11, LastErrorDetails: Container exited with exit code 1 during startup after 2.1s. Please inspect your container logs for more details., Details: Site stopped at 08/02/2026 17:34:20 (UTC), DetailsLevel: WARN
2026-08-02T18:08:19.0274486+00:00 ContainerStatus: State: Starting, Action: StartingMsiContainer, LastError: ContainerStartupFailure, LastErrorTimestamp: 08/02/2026 17:34:11, LastErrorDetails: Container exited with exit code 1 during startup after 2.1s. Please inspect your container logs for more details., Details: Site stopped at 08/02/2026 17:34:20 (UTC), DetailsLevel: WARN
2026-08-02T18:09:08.8079538+00:00 ContainerStatus: State: Starting, Action: StartingSiteContainers, LastError: ContainerStartupFailure, LastErrorTimestamp: 08/02/2026 17:34:11, LastErrorDetails: Container exited with exit code 1 during startup after 2.1s. Please inspect your container logs for more details., Details: Site stopped at 08/02/2026 17:34:20 (UTC), DetailsLevel: WARN
2026-08-02T18:09:08.8094694+00:00 ContainerStatus: Container start method called.
2026-08-02T18:09:08.8265537+00:00 ContainerStatus: State: Starting, Action: PullingImage, LastError: ContainerStartupFailure, LastErrorTimestamp: 08/02/2026 17:34:11, LastErrorDetails: Container exited with exit code 1 during startup after 2.1s. Please inspect your container logs for more details., Details: Pulling image 10.1.0.5:13209/azure-app-service/java:21.0.9-r260110 for ahmad-securebank-app., DetailsLevel: INFO
2026-08-02T18:09:08.8267747+00:00 ContainerStatus: Establishing network.
2026-08-02T18:09:08.8270813+00:00 ContainerStatus: Pulling image: azure-app-service/java:21.0.9-r260110.
2026-08-02T18:09:09.1184838+00:00 ContainerStatus: Container is starting.
2026-08-02T18:09:09.1190151+00:00 ContainerStatus: State: Starting, Action: MountingVolumes, LastError: ContainerStartupFailure, LastErrorTimestamp: 08/02/2026 17:34:11, LastErrorDetails: Container exited with exit code 1 during startup after 2.1s. Please inspect your container logs for more details., Details: Mounting volumes for ahmad-securebank-app., DetailsLevel: INFO
2026-08-02T18:09:09.1195204+00:00 ContainerStatus: Establishing user namespace if not established already.
2026-08-02T18:09:09.1201809+00:00 ContainerStatus: Establishing network if not established already.
2026-08-02T18:09:09.1208765+00:00 ContainerStatus: Mounting volumes.
2026-08-02T18:09:09.1270907+00:00 ContainerStatus: Nested mountpoint 
2026-08-02T18:09:09.1663725+00:00 ContainerStatus: Nested mountpoint volatile/logs
2026-08-02T18:09:09.1892224+00:00 ContainerStatus: Nested mountpoint 
2026-08-02T18:09:09.1897162+00:00 ContainerStatus: Nested mountpoint 
2026-08-02T18:09:09.3746643+00:00 ContainerStatus: State: Starting, Action: CreatingContainer, LastError: ContainerStartupFailure, LastErrorTimestamp: 08/02/2026 17:34:11, LastErrorDetails: Container exited with exit code 1 during startup after 2.1s. Please inspect your container logs for more details., Details: Finished pulling container image and mounting volumes for ahmad-securebank-app. Allocatinng the rest of the container resources to finish container creation., DetailsLevel: INFO
2026-08-02T18:09:09.3748491+00:00 ContainerStatus: Creating container.
2026-08-02T18:09:09.3749746+00:00 ContainerStatus: Creating pipes for streaming container io.
2026-08-02T18:09:09.3751625+00:00 ContainerStatus: Creating stdout named pipe at /podr/container/pipe/c9227ebc0cb7_ahmad-securebank-app/stdout_1fa7c349ac6946af8ef48d6395a98157.
2026-08-02T18:09:09.3755510+00:00 ContainerStatus: Successfully created stdout named pipe at: /podr/container/pipe/c9227ebc0cb7_ahmad-securebank-app/stdout_1fa7c349ac6946af8ef48d6395a98157.
2026-08-02T18:09:09.3758685+00:00 ContainerStatus: Opening named pipe /podr/container/pipe/c9227ebc0cb7_ahmad-securebank-app/stdout_1fa7c349ac6946af8ef48d6395a98157 for reading in non-blocking mode.
2026-08-02T18:09:09.3860786+00:00 ContainerStatus: Successfully opened named pipe: /podr/container/pipe/c9227ebc0cb7_ahmad-securebank-app/stdout_1fa7c349ac6946af8ef48d6395a98157.
2026-08-02T18:09:09.3944721+00:00 ContainerStatus: Successfully removed non-blocking flag from /podr/container/pipe/c9227ebc0cb7_ahmad-securebank-app/stdout_1fa7c349ac6946af8ef48d6395a98157.
2026-08-02T18:09:09.4071096+00:00 ContainerStatus: Creating stderr named pipe at /podr/container/pipe/c9227ebc0cb7_ahmad-securebank-app/stderr_b4b771dc8dcf413894cdfb459b373e58.
2026-08-02T18:09:09.4073023+00:00 ContainerStatus: Successfully created stderr named pipe at: /podr/container/pipe/c9227ebc0cb7_ahmad-securebank-app/stderr_b4b771dc8dcf413894cdfb459b373e58.
2026-08-02T18:09:09.4073915+00:00 ContainerStatus: Opening named pipe /podr/container/pipe/c9227ebc0cb7_ahmad-securebank-app/stderr_b4b771dc8dcf413894cdfb459b373e58 for reading in non-blocking mode.
2026-08-02T18:09:09.4077968+00:00 ContainerStatus: Successfully opened named pipe: /podr/container/pipe/c9227ebc0cb7_ahmad-securebank-app/stderr_b4b771dc8dcf413894cdfb459b373e58.
2026-08-02T18:09:09.4082082+00:00 ContainerStatus: Successfully removed non-blocking flag from /podr/container/pipe/c9227ebc0cb7_ahmad-securebank-app/stderr_b4b771dc8dcf413894cdfb459b373e58.
2026-08-02T18:09:09.4255076+00:00 ContainerStatus: Overriding PORT environment variable with pre-calculated port: 80.
2026-08-02T18:09:09.4256232+00:00 ContainerStatus: Setting value of PORT variable to 80
2026-08-02T18:09:09.4261031+00:00 ContainerStatus: Creating container with image: azure-app-service/java:21.0.9-r260110 from registry: 10.1.0.5:13209 and fully qualified image name: 10.1.0.5:13209/azure-app-service/java:21.0.9-r260110
2026-08-02T18:09:09.9739534+00:00 ContainerStatus: Starting container: c9227ebc0cb7_ahmad-securebank-app.
2026-08-02T18:09:10.1090859+00:00 ContainerStatus: Starting watchers and probes.
2026-08-02T18:09:10.1198933+00:00 ContainerStatus: Starting metrics collection.
2026-08-02T18:09:10.1201678+00:00 ContainerStatus: Container is running.
2026-08-02T18:09:10.1204605+00:00 ContainerStatus: State: Starting, Action: CreatingContainer, LastError: ContainerStartupFailure, LastErrorTimestamp: 08/02/2026 17:34:11, LastErrorDetails: Container exited with exit code 1 during startup after 2.1s. Please inspect your container logs for more details., Details: Container ahmad-securebank-app successfully created and is running., DetailsLevel: INFO
2026-08-02T18:09:10.2478858+00:00 ContainerStatus: Container start method finished after 1438 ms.
2026-08-02T18:09:10.2483228+00:00 ContainerStatus: State: Starting, Action: InitiatingSiteWarmUpProbe, LastError: ContainerStartupFailure, LastErrorTimestamp: 08/02/2026 17:34:11, LastErrorDetails: Container exited with exit code 1 during startup after 2.1s. Please inspect your container logs for more details., Details: Container ahmad-securebank-app successfully created and is running., DetailsLevel: INFO
2026-08-02T18:09:10.2484044+00:00 ContainerStatus: State: Starting, Action: WaitingForSiteWarmUpProbeSuccess, LastError: ContainerStartupFailure, LastErrorTimestamp: 08/02/2026 17:34:11, LastErrorDetails: Container exited with exit code 1 during startup after 2.1s. Please inspect your container logs for more details., Details: Pinging warmup path to ensure container is ready to receive requests., DetailsLevel: INFO
2026-08-02T18:09:10.5102644+00:00 ContainerStream:    _|_|                                            
2026-08-02T18:09:10.5103164+00:00 ContainerStream:  _|    _|  _|_|_|_|  _|    _|  _|  _|_|    _|_|    
2026-08-02T18:09:10.5103193+00:00 ContainerStream:  _|_|_|_|      _|    _|    _|  _|_|      _|_|_|_|  
2026-08-02T18:09:10.5103215+00:00 ContainerStream:  _|    _|    _|      _|    _|  _|        _|        
2026-08-02T18:09:10.5103243+00:00 ContainerStream:  _|    _|  _|_|_|_|    _|_|_|  _|          _|_|_|
2026-08-02T18:09:10.5103258+00:00 ContainerStream: 
2026-08-02T18:09:10.5103276+00:00 ContainerStream:      J A V A   O N   A P P   S E R V I C E
2026-08-02T18:09:10.5103292+00:00 ContainerStream: 
2026-08-02T18:09:10.5103310+00:00 ContainerStream: Documentation: https://aka.ms/appservice
2026-08-02T18:09:10.5103325+00:00 ContainerStream: 
2026-08-02T18:09:10.5103452+00:00 ContainerStream: **NOTE**: No files or system changes outside of /home will persist beyond your application's current session. /home is your application's persistent storage and is shared across all the server instances.
2026-08-02T18:09:10.5103469+00:00 ContainerStream: 
2026-08-02T18:09:10.5103485+00:00 ContainerStream: 
2026-08-02T18:09:10.5189954+00:00 ContainerStream: Determined OS to be: ubuntu
2026-08-02T18:09:10.5207312+00:00 ContainerStream: Updating /etc/ssh/sshd_config to use PORT 2222
2026-08-02T18:09:10.5415974+00:00 ContainerStream: Starting ssh service...
2026-08-02T18:09:10.8115883+00:00 ContainerStream: ssh-keygen: generating new host keys: DSA 
2026-08-02T18:09:11.1330187+00:00 ContainerStream:  * Starting OpenBSD Secure Shell server sshd
2026-08-02T18:09:11.2105412+00:00 ContainerStream:    ...done.
2026-08-02T18:09:11.3686915+00:00 ContainerStream:  * sshd is running
2026-08-02T18:09:11.3722193+00:00 ContainerStream: ## Printing build info...
2026-08-02T18:09:11.4000140+00:00 ContainerStream:                                            PACKAGE |                             VERSION | COMMIT
2026-08-02T18:09:11.4000732+00:00 ContainerStream:        Microsoft.AppService.WebsitesExtensionsJava |                        1.0.03290234 | ae284a4
2026-08-02T18:09:11.4000768+00:00 ContainerStream:                                               self |                        1.0.03296336 | 76247a61
2026-08-02T18:09:11.4181954+00:00 ContainerStream: ## Done printing build info.
2026-08-02T18:09:11.4182107+00:00 ContainerStream: Container info: WEBSITE_INSTANCE_ID = 7d4ee311498b261eb996c3c5566ae5bbd227759952a6214551a3ab4312f134f3 ; WEBSITE_SITE_NAME = ahmad-securebank-app
2026-08-02T18:09:11.4449346+00:00 ContainerStream: Add public certificates to keystore if exists...
2026-08-02T18:09:11.4456951+00:00 ContainerStream: Add private certificates to keystore if exists...
2026-08-02T18:09:11.4463288+00:00 ContainerStream: Configuring max heap = 1299 MB
2026-08-02T18:09:11.5180765+00:00 ContainerStream: STARTUP_FILE=
2026-08-02T18:09:11.5185251+00:00 ContainerStream: STARTUP_COMMAND=java -jar /home/site/wwwroot/app.jar
2026-08-02T18:09:11.5189024+00:00 ContainerStream: No STARTUP_FILE available.
2026-08-02T18:09:11.5197122+00:00 ContainerStream: Running STARTUP_COMMAND: java -jar /home/site/wwwroot/app.jar
2026-08-02T18:09:11.5427157+00:00 ContainerStream: Error: Unable to access jarfile /home/site/wwwroot/app.jar
2026-08-02T18:09:11.5435495+00:00 ContainerStream: Finished running startup file 'java -jar /home/site/wwwroot/app.jar'. Exit code: '1'.
2026-08-02T18:09:11.5440676+00:00 ContainerStream: Custom startup complete. Now, exiting with exit code '1'
2026-08-02T18:09:11.5668469+00:00 ContainerStatus: Container has finished running with exit code: 1.
2026-08-02T18:09:11.5684673+00:00 ContainerStatus: Container is terminating. Grace period: 5 seconds.
2026-08-02T18:09:11.5783845+00:00 ContainerStatus: Stop and delete container. Retry count = 0
2026-08-02T18:09:11.5784856+00:00 ContainerStatus: Stopping container: c9227ebc0cb7_ahmad-securebank-app.
2026-08-02T18:09:11.7030814+00:00 ContainerStatus: Deleting container: c9227ebc0cb7_ahmad-securebank-app. Retry count = 0
2026-08-02T18:09:11.9227185+00:00 ContainerStatus: Container spec TerminationMessagePolicy  path 
2026-08-02T18:09:11.9301616+00:00 ContainerStatus: Container is terminated. Total time elapsed: 347 ms.
2026-08-02T18:09:11.9306096+00:00 ContainerStatus: Site container: ahmad-securebank-app terminated during site startup.
2026-08-02T18:09:11.9307656+00:00 ContainerStatus: State: Stopping, Action: CancellingStartup, LastError: ContainerStartupFailure, LastErrorTimestamp: 08/02/2026 17:34:11, LastErrorDetails: Container exited with exit code 1 during startup after 2.1s. Please inspect your container logs for more details., Details: Site container: ahmad-securebank-app terminated during site startup. Cancelling site startup., DetailsLevel: ERR
2026-08-02T18:09:11.9403397+00:00 ContainerStatus: Site startup probe failed after 1.6754637 seconds.
2026-08-02T18:09:12.1519071+00:00 ContainerStatus: State: Stopping, Action: CancellingStartup, LastError: ContainerStartupFailure, LastErrorTimestamp: 08/02/2026 18:09:12, LastErrorDetails: Container exited with exit code 1 during startup after 1.8s. Please inspect your container logs for more details., Details: Site container: ahmad-securebank-app terminated during site startup. Cancelling site startup., DetailsLevel: ERR
2026-08-02T18:09:12.2006923+00:00 ContainerStatus: Failed to start site. Revert by stopping site.
2026-08-02T18:09:12.2126104+00:00 ContainerStatus: State: Stopping, Action: StoppingSite, LastError: ContainerStartupFailure, LastErrorTimestamp: 08/02/2026 18:09:12, LastErrorDetails: Container exited with exit code 1 during startup after 1.8s. Please inspect your container logs for more details., Details: Site container: ahmad-securebank-app terminated during site startup. Cancelling site startup., DetailsLevel: ERR
2026-08-02T18:09:12.2139158+00:00 ContainerStatus: State: Stopping, Action: StoppingSiteContainers, LastError: ContainerStartupFailure, LastErrorTimestamp: 08/02/2026 18:09:12, LastErrorDetails: Container exited with exit code 1 during startup after 1.8s. Please inspect your container logs for more details., Details: Site container: ahmad-securebank-app terminated during site startup. Cancelling site startup., DetailsLevel: ERR
2026-08-02T18:09:13.3281742+00:00 ContainerStatus: Site container: ahmad-securebank-app_managedIdentity terminated during site startup.
2026-08-02T18:09:13.3285012+00:00 ContainerStatus: State: Stopping, Action: StoppingSiteContainers, LastError: ContainerStartupFailure, LastErrorTimestamp: 08/02/2026 18:09:12, LastErrorDetails: Container exited with exit code 1 during startup after 1.8s. Please inspect your container logs for more details., Details: Site container: ahmad-securebank-app terminated during site startup. Cancelling site startup., DetailsLevel: ERR
2026-08-02T18:09:13.3288490+00:00 ContainerStatus: Site: ahmad-securebank-app stopped.
========== New Cold Start Attempt (2026-08-02T18:09:13.3568984+00:00) ==========
2026-08-02T18:09:13.3568984+00:00 ContainerStatus: State: Stopping, Action: UnmountingVolumes, LastError: ContainerStartupFailure, LastErrorTimestamp: 08/02/2026 18:09:12, LastErrorDetails: Container exited with exit code 1 during startup after 1.8s. Please inspect your container logs for more details., Details: Site container: ahmad-securebank-app terminated during site startup. Cancelling site startup., DetailsLevel: ERR
2026-08-02T18:09:13.7146354+00:00 ContainerStatus: State: Stopping, Action: StoppingSiteNetworks, LastError: ContainerStartupFailure, LastErrorTimestamp: 08/02/2026 18:09:12, LastErrorDetails: Container exited with exit code 1 during startup after 1.8s. Please inspect your container logs for more details., Details: Site container: ahmad-securebank-app terminated during site startup. Cancelling site startup., DetailsLevel: ERR
2026-08-02T18:09:19.9029276+00:00 ContainerStatus: Site: ahmad-securebank-app will be blocked for 2 minutes till 08/02/2026 18:11:19
2026-08-02T18:09:19.9037406+00:00 ContainerStatus: State: Blocked, Action: StoppingSiteNetworks, LastError: ContainerStartupFailure, LastErrorTimestamp: 08/02/2026 18:09:12, LastErrorDetails: Container exited with exit code 1 during startup after 1.8s. Please inspect your container logs for more details., Details: Site: ahmad-securebank-app will be blocked for 2 minutes till 08/02/2026 18:11:19, DetailsLevel: WARN
2026-08-02T18:09:19.9127604+00:00 ContainerStatus: State: Stopped, Action: None, LastError: ContainerStartupFailure, LastErrorTimestamp: 08/02/2026 18:09:12, LastErrorDetails: Container exited with exit code 1 during startup after 1.8s. Please inspect your container logs for more details., Details: Site stopped at 08/02/2026 18:09:19 (UTC), DetailsLevel: WARN
2026-08-02T18:09:20.3580763+00:00 ContainerStatus: State: Stopped, Action: None, LastError: ContainerStartupFailure, LastErrorTimestamp: 08/02/2026 18:09:12, LastErrorDetails: Container exited with exit code 1 during startup after 1.8s. Please inspect your container logs for more details., Details: Site stopped at 08/02/2026 18:09:19 (UTC), DetailsLevel: WARN
2026-08-02T18:11:19.9021571+00:00 ContainerStatus: Site: ahmad-securebank-app is unblocked.
2026-08-02T18:43:08.9108555+00:00 ContainerStatus: State: Starting, Action: EstablishingSiteNetworks, LastError: ContainerStartupFailure, LastErrorTimestamp: 08/02/2026 18:09:12, LastErrorDetails: Container exited with exit code 1 during startup after 1.8s. Please inspect your container logs for more details., Details: Site stopped at 08/02/2026 18:09:19 (UTC), DetailsLevel: WARN
2026-08-02T18:43:20.6218267+00:00 ContainerStatus: State: Starting, Action: StartingMsiContainer, LastError: ContainerStartupFailure, LastErrorTimestamp: 08/02/2026 18:09:12, LastErrorDetails: Container exited with exit code 1 during startup after 1.8s. Please inspect your container logs for more details., Details: Site stopped at 08/02/2026 18:09:19 (UTC), DetailsLevel: WARN
2026-08-02T18:44:13.1753472+00:00 ContainerStatus: State: Starting, Action: StartingSiteContainers, LastError: ContainerStartupFailure, LastErrorTimestamp: 08/02/2026 18:09:12, LastErrorDetails: Container exited with exit code 1 during startup after 1.8s. Please inspect your container logs for more details., Details: Site stopped at 08/02/2026 18:09:19 (UTC), DetailsLevel: WARN
2026-08-02T18:44:13.1764568+00:00 ContainerStatus: Container start method called.
2026-08-02T18:44:13.1773350+00:00 ContainerStatus: State: Starting, Action: PullingImage, LastError: ContainerStartupFailure, LastErrorTimestamp: 08/02/2026 18:09:12, LastErrorDetails: Container exited with exit code 1 during startup after 1.8s. Please inspect your container logs for more details., Details: Pulling image 10.1.0.5:13209/azure-app-service/java:21.0.9-r260110 for ahmad-securebank-app., DetailsLevel: INFO
2026-08-02T18:44:13.1779289+00:00 ContainerStatus: Establishing network.
2026-08-02T18:44:13.1787480+00:00 ContainerStatus: Pulling image: azure-app-service/java:21.0.9-r260110.
2026-08-02T18:44:13.6071120+00:00 ContainerStatus: Container is starting.
2026-08-02T18:44:13.6088680+00:00 ContainerStatus: State: Starting, Action: MountingVolumes, LastError: ContainerStartupFailure, LastErrorTimestamp: 08/02/2026 18:09:12, LastErrorDetails: Container exited with exit code 1 during startup after 1.8s. Please inspect your container logs for more details., Details: Mounting volumes for ahmad-securebank-app., DetailsLevel: INFO
2026-08-02T18:44:13.6092423+00:00 ContainerStatus: Establishing user namespace if not established already.
2026-08-02T18:44:13.6104289+00:00 ContainerStatus: Establishing network if not established already.
2026-08-02T18:44:13.6172850+00:00 ContainerStatus: Mounting volumes.
2026-08-02T18:44:13.6180174+00:00 ContainerStatus: Nested mountpoint 
2026-08-02T18:44:13.6669991+00:00 ContainerStatus: Nested mountpoint volatile/logs
2026-08-02T18:44:13.6942195+00:00 ContainerStatus: Nested mountpoint 
2026-08-02T18:44:13.7159204+00:00 ContainerStatus: Nested mountpoint 
2026-08-02T18:44:13.8219582+00:00 ContainerStatus: State: Starting, Action: CreatingContainer, LastError: ContainerStartupFailure, LastErrorTimestamp: 08/02/2026 18:09:12, LastErrorDetails: Container exited with exit code 1 during startup after 1.8s. Please inspect your container logs for more details., Details: Finished pulling container image and mounting volumes for ahmad-securebank-app. Allocatinng the rest of the container resources to finish container creation., DetailsLevel: INFO
2026-08-02T18:44:13.8220446+00:00 ContainerStatus: Creating container.
2026-08-02T18:44:13.8221219+00:00 ContainerStatus: Creating pipes for streaming container io.
2026-08-02T18:44:13.8221877+00:00 ContainerStatus: Creating stdout named pipe at /podr/container/pipe/fe053e0d2da9_ahmad-securebank-app/stdout_f3fb2fb37a2f45e797c886d9909415d7.
2026-08-02T18:44:13.8223625+00:00 ContainerStatus: Successfully created stdout named pipe at: /podr/container/pipe/fe053e0d2da9_ahmad-securebank-app/stdout_f3fb2fb37a2f45e797c886d9909415d7.
2026-08-02T18:44:13.8224561+00:00 ContainerStatus: Opening named pipe /podr/container/pipe/fe053e0d2da9_ahmad-securebank-app/stdout_f3fb2fb37a2f45e797c886d9909415d7 for reading in non-blocking mode.
2026-08-02T18:44:13.8225576+00:00 ContainerStatus: Successfully opened named pipe: /podr/container/pipe/fe053e0d2da9_ahmad-securebank-app/stdout_f3fb2fb37a2f45e797c886d9909415d7.
2026-08-02T18:44:13.8226487+00:00 ContainerStatus: Successfully removed non-blocking flag from /podr/container/pipe/fe053e0d2da9_ahmad-securebank-app/stdout_f3fb2fb37a2f45e797c886d9909415d7.
2026-08-02T18:44:13.8435640+00:00 ContainerStatus: Creating stderr named pipe at /podr/container/pipe/fe053e0d2da9_ahmad-securebank-app/stderr_3121bd8076f442d8b9687c4f2c003ddd.
2026-08-02T18:44:13.8437368+00:00 ContainerStatus: Successfully created stderr named pipe at: /podr/container/pipe/fe053e0d2da9_ahmad-securebank-app/stderr_3121bd8076f442d8b9687c4f2c003ddd.
2026-08-02T18:44:13.8437964+00:00 ContainerStatus: Opening named pipe /podr/container/pipe/fe053e0d2da9_ahmad-securebank-app/stderr_3121bd8076f442d8b9687c4f2c003ddd for reading in non-blocking mode.
2026-08-02T18:44:13.8438687+00:00 ContainerStatus: Successfully opened named pipe: /podr/container/pipe/fe053e0d2da9_ahmad-securebank-app/stderr_3121bd8076f442d8b9687c4f2c003ddd.
2026-08-02T18:44:13.8439364+00:00 ContainerStatus: Successfully removed non-blocking flag from /podr/container/pipe/fe053e0d2da9_ahmad-securebank-app/stderr_3121bd8076f442d8b9687c4f2c003ddd.
2026-08-02T18:44:13.8440179+00:00 ContainerStatus: Overriding PORT environment variable with pre-calculated port: 80.
2026-08-02T18:44:13.8440882+00:00 ContainerStatus: Setting value of PORT variable to 80
2026-08-02T18:44:13.8442089+00:00 ContainerStatus: Creating container with image: azure-app-service/java:21.0.9-r260110 from registry: 10.1.0.5:13209 and fully qualified image name: 10.1.0.5:13209/azure-app-service/java:21.0.9-r260110
2026-08-02T18:44:14.7729553+00:00 ContainerStatus: Starting container: fe053e0d2da9_ahmad-securebank-app.
2026-08-02T18:44:14.8362893+00:00 ContainerStatus: Starting watchers and probes.
2026-08-02T18:44:14.8541887+00:00 ContainerStatus: Starting metrics collection.
2026-08-02T18:44:14.8572024+00:00 ContainerStatus: Container is running.
2026-08-02T18:44:14.8631457+00:00 ContainerStatus: State: Starting, Action: CreatingContainer, LastError: ContainerStartupFailure, LastErrorTimestamp: 08/02/2026 18:09:12, LastErrorDetails: Container exited with exit code 1 during startup after 1.8s. Please inspect your container logs for more details., Details: Container ahmad-securebank-app successfully created and is running., DetailsLevel: INFO
2026-08-02T18:44:15.0121493+00:00 ContainerStatus: Container start method finished after 1807 ms.
2026-08-02T18:44:15.0895106+00:00 ContainerStatus: State: Starting, Action: InitiatingSiteWarmUpProbe, LastError: ContainerStartupFailure, LastErrorTimestamp: 08/02/2026 18:09:12, LastErrorDetails: Container exited with exit code 1 during startup after 1.8s. Please inspect your container logs for more details., Details: Container ahmad-securebank-app successfully created and is running., DetailsLevel: INFO
2026-08-02T18:44:15.0895746+00:00 ContainerStatus: State: Starting, Action: WaitingForSiteWarmUpProbeSuccess, LastError: ContainerStartupFailure, LastErrorTimestamp: 08/02/2026 18:09:12, LastErrorDetails: Container exited with exit code 1 during startup after 1.8s. Please inspect your container logs for more details., Details: Pinging warmup path to ensure container is ready to receive requests., DetailsLevel: INFO
2026-08-02T18:44:15.1996313+00:00 ContainerStream:    _|_|                                            
2026-08-02T18:44:15.1996752+00:00 ContainerStream:  _|    _|  _|_|_|_|  _|    _|  _|  _|_|    _|_|    
2026-08-02T18:44:15.1996788+00:00 ContainerStream:  _|_|_|_|      _|    _|    _|  _|_|      _|_|_|_|  
2026-08-02T18:44:15.1996810+00:00 ContainerStream:  _|    _|    _|      _|    _|  _|        _|        
2026-08-02T18:44:15.1996831+00:00 ContainerStream:  _|    _|  _|_|_|_|    _|_|_|  _|          _|_|_|
2026-08-02T18:44:15.1996849+00:00 ContainerStream: 
2026-08-02T18:44:15.1996878+00:00 ContainerStream:      J A V A   O N   A P P   S E R V I C E
2026-08-02T18:44:15.1996955+00:00 ContainerStream: 
2026-08-02T18:44:15.1996980+00:00 ContainerStream: Documentation: https://aka.ms/appservice
2026-08-02T18:44:15.1996998+00:00 ContainerStream: 
2026-08-02T18:44:15.1997030+00:00 ContainerStream: **NOTE**: No files or system changes outside of /home will persist beyond your application's current session. /home is your application's persistent storage and is shared across all the server instances.
2026-08-02T18:44:15.1997048+00:00 ContainerStream: 
2026-08-02T18:44:15.1997067+00:00 ContainerStream: 
2026-08-02T18:44:15.2178286+00:00 ContainerStream: Determined OS to be: ubuntu
2026-08-02T18:44:15.2178453+00:00 ContainerStream: Updating /etc/ssh/sshd_config to use PORT 2222
2026-08-02T18:44:15.2592830+00:00 ContainerStream: Starting ssh service...
2026-08-02T18:44:15.5636146+00:00 ContainerStream: ssh-keygen: generating new host keys: DSA 
2026-08-02T18:44:15.7500802+00:00 ContainerStream:  * Starting OpenBSD Secure Shell server sshd
2026-08-02T18:44:15.8166489+00:00 ContainerStream:    ...done.
2026-08-02T18:44:15.9153176+00:00 ContainerStream:  * sshd is running
2026-08-02T18:44:15.9263230+00:00 ContainerStream: ## Printing build info...
2026-08-02T18:44:15.9441166+00:00 ContainerStream:                                            PACKAGE |                             VERSION | COMMIT
2026-08-02T18:44:15.9441597+00:00 ContainerStream:        Microsoft.AppService.WebsitesExtensionsJava |                        1.0.03290234 | ae284a4
2026-08-02T18:44:15.9441638+00:00 ContainerStream:                                               self |                        1.0.03296336 | 76247a61
2026-08-02T18:44:15.9453918+00:00 ContainerStream: ## Done printing build info.
2026-08-02T18:44:15.9459115+00:00 ContainerStream: Container info: WEBSITE_INSTANCE_ID = 7d4ee311498b261eb996c3c5566ae5bbd227759952a6214551a3ab4312f134f3 ; WEBSITE_SITE_NAME = ahmad-securebank-app
2026-08-02T18:44:15.9921007+00:00 ContainerStream: Add public certificates to keystore if exists...
2026-08-02T18:44:15.9941771+00:00 ContainerStream: Add private certificates to keystore if exists...
2026-08-02T18:44:15.9948063+00:00 ContainerStream: Configuring max heap = 1299 MB
2026-08-02T18:44:16.0763645+00:00 ContainerStream: STARTUP_FILE=
2026-08-02T18:44:16.0820719+00:00 ContainerStream: STARTUP_COMMAND=java -jar /home/site/wwwroot/app.jar
2026-08-02T18:44:16.0820862+00:00 ContainerStream: No STARTUP_FILE available.
2026-08-02T18:44:16.0820898+00:00 ContainerStream: Running STARTUP_COMMAND: java -jar /home/site/wwwroot/app.jar
2026-08-02T18:44:16.1041224+00:00 ContainerStream: Error: Unable to access jarfile /home/site/wwwroot/app.jar
2026-08-02T18:44:16.1061624+00:00 ContainerStream: Finished running startup file 'java -jar /home/site/wwwroot/app.jar'. Exit code: '1'.
2026-08-02T18:44:16.1140313+00:00 ContainerStream: Custom startup complete. Now, exiting with exit code '1'
2026-08-02T18:44:16.1308184+00:00 ContainerStatus: Container has finished running with exit code: 1.
2026-08-02T18:44:16.1309712+00:00 ContainerStatus: Container is terminating. Grace period: 5 seconds.
2026-08-02T18:44:16.1342927+00:00 ContainerStatus: Stop and delete container. Retry count = 0
2026-08-02T18:44:16.1344390+00:00 ContainerStatus: Stopping container: fe053e0d2da9_ahmad-securebank-app.
2026-08-02T18:44:16.2317146+00:00 ContainerStatus: Deleting container: fe053e0d2da9_ahmad-securebank-app. Retry count = 0
2026-08-02T18:44:16.4583363+00:00 ContainerStatus: Container spec TerminationMessagePolicy  path 
2026-08-02T18:44:16.4679509+00:00 ContainerStatus: Container is terminated. Total time elapsed: 336 ms.
2026-08-02T18:44:16.4759129+00:00 ContainerStatus: Site container: ahmad-securebank-app terminated during site startup.
2026-08-02T18:44:16.4761415+00:00 ContainerStatus: State: Stopping, Action: CancellingStartup, LastError: ContainerStartupFailure, LastErrorTimestamp: 08/02/2026 18:09:12, LastErrorDetails: Container exited with exit code 1 during startup after 1.8s. Please inspect your container logs for more details., Details: Site container: ahmad-securebank-app terminated during site startup. Cancelling site startup., DetailsLevel: ERR
2026-08-02T18:44:16.5042304+00:00 ContainerStatus: Site startup probe failed after 1.4047463 seconds.
2026-08-02T18:44:16.6839377+00:00 ContainerStatus: State: Stopping, Action: CancellingStartup, LastError: ContainerStartupFailure, LastErrorTimestamp: 08/02/2026 18:44:16, LastErrorDetails: Container exited with exit code 1 during startup after 1.6s. Please inspect your container logs for more details., Details: Site container: ahmad-securebank-app terminated during site startup. Cancelling site startup., DetailsLevel: ERR
2026-08-02T18:44:16.7035110+00:00 ContainerStatus: Failed to start site. Revert by stopping site.
2026-08-02T18:44:16.7111144+00:00 ContainerStatus: State: Stopping, Action: StoppingSite, LastError: ContainerStartupFailure, LastErrorTimestamp: 08/02/2026 18:44:16, LastErrorDetails: Container exited with exit code 1 during startup after 1.6s. Please inspect your container logs for more details., Details: Site container: ahmad-securebank-app terminated during site startup. Cancelling site startup., DetailsLevel: ERR
2026-08-02T18:44:16.7196462+00:00 ContainerStatus: State: Stopping, Action: StoppingSiteContainers, LastError: ContainerStartupFailure, LastErrorTimestamp: 08/02/2026 18:44:16, LastErrorDetails: Container exited with exit code 1 during startup after 1.6s. Please inspect your container logs for more details., Details: Site container: ahmad-securebank-app terminated during site startup. Cancelling site startup., DetailsLevel: ERR
2026-08-02T18:44:17.1730337+00:00 ContainerStatus: Site container: ahmad-securebank-app_managedIdentity terminated during site startup.
2026-08-02T18:44:17.1904033+00:00 ContainerStatus: State: Stopping, Action: StoppingSiteContainers, LastError: ContainerStartupFailure, LastErrorTimestamp: 08/02/2026 18:44:16, LastErrorDetails: Container exited with exit code 1 during startup after 1.6s. Please inspect your container logs for more details., Details: Site container: ahmad-securebank-app terminated during site startup. Cancelling site startup., DetailsLevel: ERR
2026-08-02T18:44:17.1912374+00:00 ContainerStatus: Site: ahmad-securebank-app stopped.
========== New Cold Start Attempt (2026-08-02T18:44:17.2022282+00:00) ==========
2026-08-02T18:44:17.2022282+00:00 ContainerStatus: State: Stopping, Action: UnmountingVolumes, LastError: ContainerStartupFailure, LastErrorTimestamp: 08/02/2026 18:44:16, LastErrorDetails: Container exited with exit code 1 during startup after 1.6s. Please inspect your container logs for more details., Details: Site container: ahmad-securebank-app terminated during site startup. Cancelling site startup., DetailsLevel: ERR
2026-08-02T18:44:17.7064275+00:00 ContainerStatus: State: Stopping, Action: StoppingSiteNetworks, LastError: ContainerStartupFailure, LastErrorTimestamp: 08/02/2026 18:44:16, LastErrorDetails: Container exited with exit code 1 during startup after 1.6s. Please inspect your container logs for more details., Details: Site container: ahmad-securebank-app terminated during site startup. Cancelling site startup., DetailsLevel: ERR
2026-08-02T18:44:24.4833874+00:00 ContainerStatus: Site: ahmad-securebank-app will be blocked for 2 minutes till 08/02/2026 18:46:24
2026-08-02T18:44:24.4847416+00:00 ContainerStatus: State: Blocked, Action: StoppingSiteNetworks, LastError: ContainerStartupFailure, LastErrorTimestamp: 08/02/2026 18:44:16, LastErrorDetails: Container exited with exit code 1 during startup after 1.6s. Please inspect your container logs for more details., Details: Site: ahmad-securebank-app will be blocked for 2 minutes till 08/02/2026 18:46:24, DetailsLevel: WARN
2026-08-02T18:44:24.5039182+00:00 ContainerStatus: State: Stopped, Action: None, LastError: ContainerStartupFailure, LastErrorTimestamp: 08/02/2026 18:44:16, LastErrorDetails: Container exited with exit code 1 during startup after 1.6s. Please inspect your container logs for more details., Details: Site stopped at 08/02/2026 18:44:24 (UTC), DetailsLevel: WARN
2026-08-02T18:44:24.8691449+00:00 ContainerStatus: State: Stopped, Action: None, LastError: ContainerStartupFailure, LastErrorTimestamp: 08/02/2026 18:44:16, LastErrorDetails: Container exited with exit code 1 during startup after 1.6s. Please inspect your container logs for more details., Details: Site stopped at 08/02/2026 18:44:24 (UTC), DetailsLevel: WARN
2026-08-02T18:46:24.4831685+00:00 ContainerStatus: Site: ahmad-securebank-app is unblocked.
2026-08-02T19:18:10.8262076+00:00 ContainerStatus: State: Starting, Action: EstablishingSiteNetworks, LastError: ContainerStartupFailure, LastErrorTimestamp: 08/02/2026 18:44:16, LastErrorDetails: Container exited with exit code 1 during startup after 1.6s. Please inspect your container logs for more details., Details: Site stopped at 08/02/2026 18:44:24 (UTC), DetailsLevel: WARN
2026-08-02T19:18:20.7850766+00:00 ContainerStatus: State: Starting, Action: StartingMsiContainer, LastError: ContainerStartupFailure, LastErrorTimestamp: 08/02/2026 18:44:16, LastErrorDetails: Container exited with exit code 1 during startup after 1.6s. Please inspect your container logs for more details., Details: Site stopped at 08/02/2026 18:44:24 (UTC), DetailsLevel: WARN
2026-08-02T19:19:12.0302783+00:00 ContainerStatus: State: Starting, Action: StartingSiteContainers, LastError: ContainerStartupFailure, LastErrorTimestamp: 08/02/2026 18:44:16, LastErrorDetails: Container exited with exit code 1 during startup after 1.6s. Please inspect your container logs for more details., Details: Site stopped at 08/02/2026 18:44:24 (UTC), DetailsLevel: WARN
2026-08-02T19:19:12.0311691+00:00 ContainerStatus: Container start method called.
2026-08-02T19:19:12.0317754+00:00 ContainerStatus: State: Starting, Action: PullingImage, LastError: ContainerStartupFailure, LastErrorTimestamp: 08/02/2026 18:44:16, LastErrorDetails: Container exited with exit code 1 during startup after 1.6s. Please inspect your container logs for more details., Details: Pulling image 10.1.0.5:13209/azure-app-service/java:21.0.9-r260110 for ahmad-securebank-app., DetailsLevel: INFO
2026-08-02T19:19:12.0319252+00:00 ContainerStatus: Establishing network.
2026-08-02T19:19:12.0506118+00:00 ContainerStatus: Pulling image: azure-app-service/java:21.0.9-r260110.
2026-08-02T19:19:12.3259367+00:00 ContainerStatus: Container is starting.
2026-08-02T19:19:12.3261141+00:00 ContainerStatus: State: Starting, Action: MountingVolumes, LastError: ContainerStartupFailure, LastErrorTimestamp: 08/02/2026 18:44:16, LastErrorDetails: Container exited with exit code 1 during startup after 1.6s. Please inspect your container logs for more details., Details: Mounting volumes for ahmad-securebank-app., DetailsLevel: INFO
2026-08-02T19:19:12.3261748+00:00 ContainerStatus: Establishing user namespace if not established already.
2026-08-02T19:19:12.3262209+00:00 ContainerStatus: Establishing network if not established already.
2026-08-02T19:19:12.3263079+00:00 ContainerStatus: Mounting volumes.
2026-08-02T19:19:12.3264177+00:00 ContainerStatus: Nested mountpoint 
2026-08-02T19:19:12.3586845+00:00 ContainerStatus: Nested mountpoint volatile/logs
2026-08-02T19:19:12.4377346+00:00 ContainerStatus: Nested mountpoint 
2026-08-02T19:19:12.4451388+00:00 ContainerStatus: Nested mountpoint 
2026-08-02T19:19:12.5936012+00:00 ContainerStatus: State: Starting, Action: CreatingContainer, LastError: ContainerStartupFailure, LastErrorTimestamp: 08/02/2026 18:44:16, LastErrorDetails: Container exited with exit code 1 during startup after 1.6s. Please inspect your container logs for more details., Details: Finished pulling container image and mounting volumes for ahmad-securebank-app. Allocatinng the rest of the container resources to finish container creation., DetailsLevel: INFO
2026-08-02T19:19:12.6020263+00:00 ContainerStatus: Creating container.
2026-08-02T19:19:12.6026559+00:00 ContainerStatus: Creating pipes for streaming container io.
2026-08-02T19:19:12.6032608+00:00 ContainerStatus: Creating stdout named pipe at /podr/container/pipe/ba56dff4fc9c_ahmad-securebank-app/stdout_7912263dde5d457188919afbdd845780.
2026-08-02T19:19:12.6111115+00:00 ContainerStatus: Successfully created stdout named pipe at: /podr/container/pipe/ba56dff4fc9c_ahmad-securebank-app/stdout_7912263dde5d457188919afbdd845780.
2026-08-02T19:19:12.6114140+00:00 ContainerStatus: Opening named pipe /podr/container/pipe/ba56dff4fc9c_ahmad-securebank-app/stdout_7912263dde5d457188919afbdd845780 for reading in non-blocking mode.
2026-08-02T19:19:12.6134445+00:00 ContainerStatus: Successfully opened named pipe: /podr/container/pipe/ba56dff4fc9c_ahmad-securebank-app/stdout_7912263dde5d457188919afbdd845780.
2026-08-02T19:19:12.6213985+00:00 ContainerStatus: Successfully removed non-blocking flag from /podr/container/pipe/ba56dff4fc9c_ahmad-securebank-app/stdout_7912263dde5d457188919afbdd845780.
2026-08-02T19:19:12.6427329+00:00 ContainerStatus: Creating stderr named pipe at /podr/container/pipe/ba56dff4fc9c_ahmad-securebank-app/stderr_306a9b74c97a40bb91a55b1892f7690f.
2026-08-02T19:19:12.6429197+00:00 ContainerStatus: Successfully created stderr named pipe at: /podr/container/pipe/ba56dff4fc9c_ahmad-securebank-app/stderr_306a9b74c97a40bb91a55b1892f7690f.
2026-08-02T19:19:12.6429852+00:00 ContainerStatus: Opening named pipe /podr/container/pipe/ba56dff4fc9c_ahmad-securebank-app/stderr_306a9b74c97a40bb91a55b1892f7690f for reading in non-blocking mode.
2026-08-02T19:19:12.6430666+00:00 ContainerStatus: Successfully opened named pipe: /podr/container/pipe/ba56dff4fc9c_ahmad-securebank-app/stderr_306a9b74c97a40bb91a55b1892f7690f.
2026-08-02T19:19:12.6431269+00:00 ContainerStatus: Successfully removed non-blocking flag from /podr/container/pipe/ba56dff4fc9c_ahmad-securebank-app/stderr_306a9b74c97a40bb91a55b1892f7690f.
2026-08-02T19:19:12.6502098+00:00 ContainerStatus: Overriding PORT environment variable with pre-calculated port: 80.
2026-08-02T19:19:12.6502763+00:00 ContainerStatus: Setting value of PORT variable to 80
2026-08-02T19:19:12.6522002+00:00 ContainerStatus: Creating container with image: azure-app-service/java:21.0.9-r260110 from registry: 10.1.0.5:13209 and fully qualified image name: 10.1.0.5:13209/azure-app-service/java:21.0.9-r260110
2026-08-02T19:19:12.9080376+00:00 ContainerStatus: Container get mounts received unexpected exception.
2026-08-02T19:19:12.9473330+00:00 ContainerStatus: Container get processes received unexpected exception.
2026-08-02T19:19:13.5474462+00:00 ContainerStatus: Starting container: ba56dff4fc9c_ahmad-securebank-app.
2026-08-02T19:19:13.6350432+00:00 ContainerStatus: Starting watchers and probes.
2026-08-02T19:19:13.6372856+00:00 ContainerStatus: Starting metrics collection.
2026-08-02T19:19:13.6466149+00:00 ContainerStatus: Container is running.
2026-08-02T19:19:13.6485272+00:00 ContainerStatus: State: Starting, Action: CreatingContainer, LastError: ContainerStartupFailure, LastErrorTimestamp: 08/02/2026 18:44:16, LastErrorDetails: Container exited with exit code 1 during startup after 1.6s. Please inspect your container logs for more details., Details: Container ahmad-securebank-app successfully created and is running., DetailsLevel: INFO
2026-08-02T19:19:13.7650856+00:00 ContainerStatus: Container start method finished after 1733 ms.
2026-08-02T19:19:13.7895955+00:00 ContainerStatus: State: Starting, Action: InitiatingSiteWarmUpProbe, LastError: ContainerStartupFailure, LastErrorTimestamp: 08/02/2026 18:44:16, LastErrorDetails: Container exited with exit code 1 during startup after 1.6s. Please inspect your container logs for more details., Details: Container ahmad-securebank-app successfully created and is running., DetailsLevel: INFO
2026-08-02T19:19:13.7896481+00:00 ContainerStatus: State: Starting, Action: WaitingForSiteWarmUpProbeSuccess, LastError: ContainerStartupFailure, LastErrorTimestamp: 08/02/2026 18:44:16, LastErrorDetails: Container exited with exit code 1 during startup after 1.6s. Please inspect your container logs for more details., Details: Pinging warmup path to ensure container is ready to receive requests., DetailsLevel: INFO
2026-08-02T19:19:14.0673907+00:00 ContainerStream:    _|_|                                            
2026-08-02T19:19:14.0757609+00:00 ContainerStream:  _|    _|  _|_|_|_|  _|    _|  _|  _|_|    _|_|    
2026-08-02T19:19:14.0757963+00:00 ContainerStream:  _|_|_|_|      _|    _|    _|  _|_|      _|_|_|_|  
2026-08-02T19:19:14.0757998+00:00 ContainerStream:  _|    _|    _|      _|    _|  _|        _|        
2026-08-02T19:19:14.0758027+00:00 ContainerStream:  _|    _|  _|_|_|_|    _|_|_|  _|          _|_|_|
2026-08-02T19:19:14.0758047+00:00 ContainerStream: 
2026-08-02T19:19:14.0758125+00:00 ContainerStream:      J A V A   O N   A P P   S E R V I C E
2026-08-02T19:19:14.0758144+00:00 ContainerStream: 
2026-08-02T19:19:14.0758167+00:00 ContainerStream: Documentation: https://aka.ms/appservice
2026-08-02T19:19:14.0758185+00:00 ContainerStream: 
2026-08-02T19:19:14.0758228+00:00 ContainerStream: **NOTE**: No files or system changes outside of /home will persist beyond your application's current session. /home is your application's persistent storage and is shared across all the server instances.
2026-08-02T19:19:14.0758247+00:00 ContainerStream: 
2026-08-02T19:19:14.0758264+00:00 ContainerStream: 
2026-08-02T19:19:14.0758560+00:00 ContainerStream: Determined OS to be: ubuntu
2026-08-02T19:19:14.0758594+00:00 ContainerStream: Updating /etc/ssh/sshd_config to use PORT 2222
2026-08-02T19:19:14.1322598+00:00 ContainerStream: Starting ssh service...
2026-08-02T19:19:14.6332492+00:00 ContainerStream: ssh-keygen: generating new host keys: DSA 
2026-08-02T19:19:15.0088074+00:00 ContainerStream:  * Starting OpenBSD Secure Shell server sshd
2026-08-02T19:19:15.0694869+00:00 ContainerStream:    ...done.
2026-08-02T19:19:15.2222356+00:00 ContainerStream:  * sshd is running
2026-08-02T19:19:15.2325627+00:00 ContainerStream: ## Printing build info...
2026-08-02T19:19:15.2494271+00:00 ContainerStream:                                            PACKAGE |                             VERSION | COMMIT
2026-08-02T19:19:15.2494935+00:00 ContainerStream:        Microsoft.AppService.WebsitesExtensionsJava |                        1.0.03290234 | ae284a4
2026-08-02T19:19:15.2494980+00:00 ContainerStream:                                               self |                        1.0.03296336 | 76247a61
2026-08-02T19:19:15.2515353+00:00 ContainerStream: ## Done printing build info.
2026-08-02T19:19:15.2525511+00:00 ContainerStream: Container info: WEBSITE_INSTANCE_ID = 7d4ee311498b261eb996c3c5566ae5bbd227759952a6214551a3ab4312f134f3 ; WEBSITE_SITE_NAME = ahmad-securebank-app
2026-08-02T19:19:15.2898898+00:00 ContainerStream: Add public certificates to keystore if exists...
2026-08-02T19:19:15.2904743+00:00 ContainerStream: Add private certificates to keystore if exists...
2026-08-02T19:19:15.2910991+00:00 ContainerStream: Configuring max heap = 1299 MB
2026-08-02T19:19:15.3492467+00:00 ContainerStream: STARTUP_FILE=
2026-08-02T19:19:15.3496731+00:00 ContainerStream: STARTUP_COMMAND=java -jar /home/site/wwwroot/app.jar
2026-08-02T19:19:15.3500710+00:00 ContainerStream: No STARTUP_FILE available.
2026-08-02T19:19:15.3504511+00:00 ContainerStream: Running STARTUP_COMMAND: java -jar /home/site/wwwroot/app.jar
2026-08-02T19:19:15.3811104+00:00 ContainerStream: Error: Unable to access jarfile /home/site/wwwroot/app.jar
2026-08-02T19:19:15.3989233+00:00 ContainerStream: Finished running startup file 'java -jar /home/site/wwwroot/app.jar'. Exit code: '1'.
2026-08-02T19:19:15.3989456+00:00 ContainerStream: Custom startup complete. Now, exiting with exit code '1'
2026-08-02T19:19:15.4288553+00:00 ContainerStatus: Container has finished running with exit code: 1.
2026-08-02T19:19:15.4290770+00:00 ContainerStatus: Container is terminating. Grace period: 5 seconds.
2026-08-02T19:19:15.4396542+00:00 ContainerStatus: Stop and delete container. Retry count = 0
2026-08-02T19:19:15.4398602+00:00 ContainerStatus: Stopping container: ba56dff4fc9c_ahmad-securebank-app.
2026-08-02T19:19:15.5259697+00:00 ContainerStatus: Deleting container: ba56dff4fc9c_ahmad-securebank-app. Retry count = 0
2026-08-02T19:19:15.8488130+00:00 ContainerStatus: Container spec TerminationMessagePolicy  path 
2026-08-02T19:19:15.8504134+00:00 ContainerStatus: Container is terminated. Total time elapsed: 420 ms.
2026-08-02T19:19:15.8508919+00:00 ContainerStatus: Site container: ahmad-securebank-app terminated during site startup.
2026-08-02T19:19:15.8510660+00:00 ContainerStatus: State: Stopping, Action: CancellingStartup, LastError: ContainerStartupFailure, LastErrorTimestamp: 08/02/2026 18:44:16, LastErrorDetails: Container exited with exit code 1 during startup after 1.6s. Please inspect your container logs for more details., Details: Site container: ahmad-securebank-app terminated during site startup. Cancelling site startup., DetailsLevel: ERR
2026-08-02T19:19:15.8616715+00:00 ContainerStatus: Site startup probe failed after 2.0715664 seconds.
2026-08-02T19:19:16.0409844+00:00 ContainerStatus: State: Stopping, Action: CancellingStartup, LastError: ContainerStartupFailure, LastErrorTimestamp: 08/02/2026 19:19:16, LastErrorDetails: Container exited with exit code 1 during startup after 2.2s. Please inspect your container logs for more details., Details: Site container: ahmad-securebank-app terminated during site startup. Cancelling site startup., DetailsLevel: ERR
2026-08-02T19:19:16.0783644+00:00 ContainerStatus: Failed to start site. Revert by stopping site.
2026-08-02T19:19:16.0795374+00:00 ContainerStatus: State: Stopping, Action: StoppingSite, LastError: ContainerStartupFailure, LastErrorTimestamp: 08/02/2026 19:19:16, LastErrorDetails: Container exited with exit code 1 during startup after 2.2s. Please inspect your container logs for more details., Details: Site container: ahmad-securebank-app terminated during site startup. Cancelling site startup., DetailsLevel: ERR
2026-08-02T19:19:16.0811207+00:00 ContainerStatus: State: Stopping, Action: StoppingSiteContainers, LastError: ContainerStartupFailure, LastErrorTimestamp: 08/02/2026 19:19:16, LastErrorDetails: Container exited with exit code 1 during startup after 2.2s. Please inspect your container logs for more details., Details: Site container: ahmad-securebank-app terminated during site startup. Cancelling site startup., DetailsLevel: ERR
2026-08-02T19:19:18.1508070+00:00 ContainerStatus: Site container: ahmad-securebank-app_managedIdentity terminated during site startup.
2026-08-02T19:19:18.1509298+00:00 ContainerStatus: State: Stopping, Action: StoppingSiteContainers, LastError: ContainerStartupFailure, LastErrorTimestamp: 08/02/2026 19:19:16, LastErrorDetails: Container exited with exit code 1 during startup after 2.2s. Please inspect your container logs for more details., Details: Site container: ahmad-securebank-app terminated during site startup. Cancelling site startup., DetailsLevel: ERR
2026-08-02T19:19:18.1510757+00:00 ContainerStatus: Site: ahmad-securebank-app stopped.
========== New Cold Start Attempt (2026-08-02T19:19:18.1603382+00:00) ==========
2026-08-02T19:19:18.1603382+00:00 ContainerStatus: State: Stopping, Action: UnmountingVolumes, LastError: ContainerStartupFailure, LastErrorTimestamp: 08/02/2026 19:19:16, LastErrorDetails: Container exited with exit code 1 during startup after 2.2s. Please inspect your container logs for more details., Details: Site container: ahmad-securebank-app terminated during site startup. Cancelling site startup., DetailsLevel: ERR
2026-08-02T19:19:18.5376439+00:00 ContainerStatus: State: Stopping, Action: StoppingSiteNetworks, LastError: ContainerStartupFailure, LastErrorTimestamp: 08/02/2026 19:19:16, LastErrorDetails: Container exited with exit code 1 during startup after 2.2s. Please inspect your container logs for more details., Details: Site container: ahmad-securebank-app terminated during site startup. Cancelling site startup., DetailsLevel: ERR
2026-08-02T19:19:24.3162916+00:00 ContainerStatus: Site: ahmad-securebank-app will be blocked for 2 minutes till 08/02/2026 19:21:24
2026-08-02T19:19:24.3171434+00:00 ContainerStatus: State: Blocked, Action: StoppingSiteNetworks, LastError: ContainerStartupFailure, LastErrorTimestamp: 08/02/2026 19:19:16, LastErrorDetails: Container exited with exit code 1 during startup after 2.2s. Please inspect your container logs for more details., Details: Site: ahmad-securebank-app will be blocked for 2 minutes till 08/02/2026 19:21:24, DetailsLevel: WARN
2026-08-02T19:19:24.3355771+00:00 ContainerStatus: State: Stopped, Action: None, LastError: ContainerStartupFailure, LastErrorTimestamp: 08/02/2026 19:19:16, LastErrorDetails: Container exited with exit code 1 during startup after 2.2s. Please inspect your container logs for more details., Details: Site stopped at 08/02/2026 19:19:24 (UTC), DetailsLevel: WARN
2026-08-02T19:19:24.8344207+00:00 ContainerStatus: State: Stopped, Action: None, LastError: ContainerStartupFailure, LastErrorTimestamp: 08/02/2026 19:19:16, LastErrorDetails: Container exited with exit code 1 during startup after 2.2s. Please inspect your container logs for more details., Details: Site stopped at 08/02/2026 19:19:24 (UTC), DetailsLevel: WARN
2026-08-02T19:21:24.3185185+00:00 ContainerStatus: Site: ahmad-securebank-app is unblocked.
2026-08-02T19:52:52.6118352+00:00 ContainerStatus: State: Starting, Action: EstablishingSiteNetworks, LastError: ContainerStartupFailure, LastErrorTimestamp: 08/02/2026 19:19:16, LastErrorDetails: Container exited with exit code 1 during startup after 2.2s. Please inspect your container logs for more details., Details: Site stopped at 08/02/2026 19:19:24 (UTC), DetailsLevel: WARN
2026-08-02T19:52:57.9679791+00:00 ContainerStatus: State: Starting, Action: StartingMsiContainer, LastError: ContainerStartupFailure, LastErrorTimestamp: 08/02/2026 19:19:16, LastErrorDetails: Container exited with exit code 1 during startup after 2.2s. Please inspect your container logs for more details., Details: Site stopped at 08/02/2026 19:19:24 (UTC), DetailsLevel: WARN
2026-08-02T19:53:48.1395746+00:00 ContainerStatus: State: Starting, Action: StartingSiteContainers, LastError: ContainerStartupFailure, LastErrorTimestamp: 08/02/2026 19:19:16, LastErrorDetails: Container exited with exit code 1 during startup after 2.2s. Please inspect your container logs for more details., Details: Site stopped at 08/02/2026 19:19:24 (UTC), DetailsLevel: WARN
2026-08-02T19:53:48.1409079+00:00 ContainerStatus: Container start method called.
2026-08-02T19:53:48.1471340+00:00 ContainerStatus: State: Starting, Action: PullingImage, LastError: ContainerStartupFailure, LastErrorTimestamp: 08/02/2026 19:19:16, LastErrorDetails: Container exited with exit code 1 during startup after 2.2s. Please inspect your container logs for more details., Details: Pulling image 10.1.0.5:13209/azure-app-service/java:21.0.9-r260110 for ahmad-securebank-app., DetailsLevel: INFO
2026-08-02T19:53:48.1474088+00:00 ContainerStatus: Establishing network.
2026-08-02T19:53:48.1478259+00:00 ContainerStatus: Pulling image: azure-app-service/java:21.0.9-r260110.
2026-08-02T19:53:48.3083749+00:00 ContainerStatus: Container is starting.
2026-08-02T19:53:48.3118086+00:00 ContainerStatus: State: Starting, Action: MountingVolumes, LastError: ContainerStartupFailure, LastErrorTimestamp: 08/02/2026 19:19:16, LastErrorDetails: Container exited with exit code 1 during startup after 2.2s. Please inspect your container logs for more details., Details: Mounting volumes for ahmad-securebank-app., DetailsLevel: INFO
2026-08-02T19:53:48.3120886+00:00 ContainerStatus: Establishing user namespace if not established already.
2026-08-02T19:53:48.3122299+00:00 ContainerStatus: Establishing network if not established already.
2026-08-02T19:53:48.3123718+00:00 ContainerStatus: Mounting volumes.
2026-08-02T19:53:48.3125468+00:00 ContainerStatus: Nested mountpoint 
2026-08-02T19:53:48.3194794+00:00 ContainerStatus: Nested mountpoint volatile/logs
2026-08-02T19:53:48.3400692+00:00 ContainerStatus: Nested mountpoint 
2026-08-02T19:53:48.3418658+00:00 ContainerStatus: Nested mountpoint 
2026-08-02T19:53:48.4670284+00:00 ContainerStatus: State: Starting, Action: CreatingContainer, LastError: ContainerStartupFailure, LastErrorTimestamp: 08/02/2026 19:19:16, LastErrorDetails: Container exited with exit code 1 during startup after 2.2s. Please inspect your container logs for more details., Details: Finished pulling container image and mounting volumes for ahmad-securebank-app. Allocatinng the rest of the container resources to finish container creation., DetailsLevel: INFO
2026-08-02T19:53:48.4674788+00:00 ContainerStatus: Creating container.
2026-08-02T19:53:48.4683453+00:00 ContainerStatus: Creating pipes for streaming container io.
2026-08-02T19:53:48.4688460+00:00 ContainerStatus: Creating stdout named pipe at /podr/container/pipe/b75803c22b6c_ahmad-securebank-app/stdout_29dc1979dfd6438f8e282e9f717e226c.
2026-08-02T19:53:48.4693735+00:00 ContainerStatus: Successfully created stdout named pipe at: /podr/container/pipe/b75803c22b6c_ahmad-securebank-app/stdout_29dc1979dfd6438f8e282e9f717e226c.
2026-08-02T19:53:48.4696425+00:00 ContainerStatus: Opening named pipe /podr/container/pipe/b75803c22b6c_ahmad-securebank-app/stdout_29dc1979dfd6438f8e282e9f717e226c for reading in non-blocking mode.
2026-08-02T19:53:48.4887645+00:00 ContainerStatus: Successfully opened named pipe: /podr/container/pipe/b75803c22b6c_ahmad-securebank-app/stdout_29dc1979dfd6438f8e282e9f717e226c.
2026-08-02T19:53:48.4888706+00:00 ContainerStatus: Successfully removed non-blocking flag from /podr/container/pipe/b75803c22b6c_ahmad-securebank-app/stdout_29dc1979dfd6438f8e282e9f717e226c.
2026-08-02T19:53:48.5468552+00:00 ContainerStatus: Creating stderr named pipe at /podr/container/pipe/b75803c22b6c_ahmad-securebank-app/stderr_00053774ba4045bbb145875b016d7a39.
2026-08-02T19:53:48.5470435+00:00 ContainerStatus: Successfully created stderr named pipe at: /podr/container/pipe/b75803c22b6c_ahmad-securebank-app/stderr_00053774ba4045bbb145875b016d7a39.
2026-08-02T19:53:48.5471302+00:00 ContainerStatus: Opening named pipe /podr/container/pipe/b75803c22b6c_ahmad-securebank-app/stderr_00053774ba4045bbb145875b016d7a39 for reading in non-blocking mode.
2026-08-02T19:53:48.5472185+00:00 ContainerStatus: Successfully opened named pipe: /podr/container/pipe/b75803c22b6c_ahmad-securebank-app/stderr_00053774ba4045bbb145875b016d7a39.
2026-08-02T19:53:48.5472877+00:00 ContainerStatus: Successfully removed non-blocking flag from /podr/container/pipe/b75803c22b6c_ahmad-securebank-app/stderr_00053774ba4045bbb145875b016d7a39.
2026-08-02T19:53:48.5480138+00:00 ContainerStatus: Overriding PORT environment variable with pre-calculated port: 80.
2026-08-02T19:53:48.5480768+00:00 ContainerStatus: Setting value of PORT variable to 80
2026-08-02T19:53:48.5482182+00:00 ContainerStatus: Creating container with image: azure-app-service/java:21.0.9-r260110 from registry: 10.1.0.5:13209 and fully qualified image name: 10.1.0.5:13209/azure-app-service/java:21.0.9-r260110
2026-08-02T19:53:49.2675933+00:00 ContainerStatus: Starting container: b75803c22b6c_ahmad-securebank-app.
2026-08-02T19:53:49.3914490+00:00 ContainerStatus: Starting watchers and probes.
2026-08-02T19:53:49.4171334+00:00 ContainerStatus: Starting metrics collection.
2026-08-02T19:53:49.4173412+00:00 ContainerStatus: Container is running.
2026-08-02T19:53:49.4182960+00:00 ContainerStatus: State: Starting, Action: CreatingContainer, LastError: ContainerStartupFailure, LastErrorTimestamp: 08/02/2026 19:19:16, LastErrorDetails: Container exited with exit code 1 during startup after 2.2s. Please inspect your container logs for more details., Details: Container ahmad-securebank-app successfully created and is running., DetailsLevel: INFO
2026-08-02T19:53:49.5244613+00:00 ContainerStatus: Container start method finished after 1382 ms.
2026-08-02T19:53:49.5260520+00:00 ContainerStatus: State: Starting, Action: InitiatingSiteWarmUpProbe, LastError: ContainerStartupFailure, LastErrorTimestamp: 08/02/2026 19:19:16, LastErrorDetails: Container exited with exit code 1 during startup after 2.2s. Please inspect your container logs for more details., Details: Container ahmad-securebank-app successfully created and is running., DetailsLevel: INFO
2026-08-02T19:53:49.5261417+00:00 ContainerStatus: State: Starting, Action: WaitingForSiteWarmUpProbeSuccess, LastError: ContainerStartupFailure, LastErrorTimestamp: 08/02/2026 19:19:16, LastErrorDetails: Container exited with exit code 1 during startup after 2.2s. Please inspect your container logs for more details., Details: Pinging warmup path to ensure container is ready to receive requests., DetailsLevel: INFO
2026-08-02T19:53:49.7821465+00:00 ContainerStream:    _|_|                                            
2026-08-02T19:53:49.7821897+00:00 ContainerStream:  _|    _|  _|_|_|_|  _|    _|  _|  _|_|    _|_|    
2026-08-02T19:53:49.7821934+00:00 ContainerStream:  _|_|_|_|      _|    _|    _|  _|_|      _|_|_|_|  
2026-08-02T19:53:49.7821962+00:00 ContainerStream:  _|    _|    _|      _|    _|  _|        _|        
2026-08-02T19:53:49.7821987+00:00 ContainerStream:  _|    _|  _|_|_|_|    _|_|_|  _|          _|_|_|
2026-08-02T19:53:49.7822006+00:00 ContainerStream: 
2026-08-02T19:53:49.7822113+00:00 ContainerStream:      J A V A   O N   A P P   S E R V I C E
2026-08-02T19:53:49.7822151+00:00 ContainerStream: 
2026-08-02T19:53:49.7822172+00:00 ContainerStream: Documentation: https://aka.ms/appservice
2026-08-02T19:53:49.7822190+00:00 ContainerStream: 
2026-08-02T19:53:49.7822223+00:00 ContainerStream: **NOTE**: No files or system changes outside of /home will persist beyond your application's current session. /home is your application's persistent storage and is shared across all the server instances.
2026-08-02T19:53:49.7822241+00:00 ContainerStream: 
2026-08-02T19:53:49.7822258+00:00 ContainerStream: 
2026-08-02T19:53:49.7897651+00:00 ContainerStream: Determined OS to be: ubuntu
2026-08-02T19:53:49.7899012+00:00 ContainerStream: Updating /etc/ssh/sshd_config to use PORT 2222
2026-08-02T19:53:49.8218544+00:00 ContainerStream: Starting ssh service...
2026-08-02T19:53:50.0908011+00:00 ContainerStream: ssh-keygen: generating new host keys: DSA 
2026-08-02T19:53:50.4645092+00:00 ContainerStream:  * Starting OpenBSD Secure Shell server sshd
2026-08-02T19:53:50.5337372+00:00 ContainerStream:    ...done.
2026-08-02T19:53:50.6819503+00:00 ContainerStream:  * sshd is running
2026-08-02T19:53:50.6914632+00:00 ContainerStream: ## Printing build info...
2026-08-02T19:53:50.7022494+00:00 ContainerStream:                                            PACKAGE |                             VERSION | COMMIT
2026-08-02T19:53:50.7022726+00:00 ContainerStream:        Microsoft.AppService.WebsitesExtensionsJava |                        1.0.03290234 | ae284a4
2026-08-02T19:53:50.7022764+00:00 ContainerStream:                                               self |                        1.0.03296336 | 76247a61
2026-08-02T19:53:50.7022783+00:00 ContainerStream: ## Done printing build info.
2026-08-02T19:53:50.7022818+00:00 ContainerStream: Container info: WEBSITE_INSTANCE_ID = 7d4ee311498b261eb996c3c5566ae5bbd227759952a6214551a3ab4312f134f3 ; WEBSITE_SITE_NAME = ahmad-securebank-app
2026-08-02T19:53:50.7337355+00:00 ContainerStream: Add public certificates to keystore if exists...
2026-08-02T19:53:50.7351038+00:00 ContainerStream: Add private certificates to keystore if exists...
2026-08-02T19:53:50.7431546+00:00 ContainerStream: Configuring max heap = 1299 MB
2026-08-02T19:53:50.8123439+00:00 ContainerStream: STARTUP_FILE=
2026-08-02T19:53:50.8140793+00:00 ContainerStream: STARTUP_COMMAND=java -jar /home/site/wwwroot/app.jar
2026-08-02T19:53:50.8147621+00:00 ContainerStream: No STARTUP_FILE available.
2026-08-02T19:53:50.8226260+00:00 ContainerStream: Running STARTUP_COMMAND: java -jar /home/site/wwwroot/app.jar
2026-08-02T19:53:50.8442967+00:00 ContainerStream: Error: Unable to access jarfile /home/site/wwwroot/app.jar
2026-08-02T19:53:50.8457675+00:00 ContainerStream: Finished running startup file 'java -jar /home/site/wwwroot/app.jar'. Exit code: '1'.
2026-08-02T19:53:50.8513636+00:00 ContainerStream: Custom startup complete. Now, exiting with exit code '1'
2026-08-02T19:53:50.8723462+00:00 ContainerStatus: Container has finished running with exit code: 1.
2026-08-02T19:53:50.8732932+00:00 ContainerStatus: Container is terminating. Grace period: 5 seconds.
2026-08-02T19:53:50.8830266+00:00 ContainerStatus: Stop and delete container. Retry count = 0
2026-08-02T19:53:50.8831017+00:00 ContainerStatus: Stopping container: b75803c22b6c_ahmad-securebank-app.
2026-08-02T19:53:50.9520921+00:00 ContainerStatus: Deleting container: b75803c22b6c_ahmad-securebank-app. Retry count = 0
2026-08-02T19:53:51.2065240+00:00 ContainerStatus: Container spec TerminationMessagePolicy  path 
2026-08-02T19:53:51.2074315+00:00 ContainerStatus: Container is terminated. Total time elapsed: 332 ms.
2026-08-02T19:53:51.2079939+00:00 ContainerStatus: Site container: ahmad-securebank-app terminated during site startup.
2026-08-02T19:53:51.2084618+00:00 ContainerStatus: State: Stopping, Action: CancellingStartup, LastError: ContainerStartupFailure, LastErrorTimestamp: 08/02/2026 19:19:16, LastErrorDetails: Container exited with exit code 1 during startup after 2.2s. Please inspect your container logs for more details., Details: Site container: ahmad-securebank-app terminated during site startup. Cancelling site startup., DetailsLevel: ERR
2026-08-02T19:53:51.2355653+00:00 ContainerStatus: Site startup probe failed after 1.6628459 seconds.
2026-08-02T19:53:51.4056196+00:00 ContainerStatus: State: Stopping, Action: CancellingStartup, LastError: ContainerStartupFailure, LastErrorTimestamp: 08/02/2026 19:53:51, LastErrorDetails: Container exited with exit code 1 during startup after 1.8s. Please inspect your container logs for more details., Details: Site container: ahmad-securebank-app terminated during site startup. Cancelling site startup., DetailsLevel: ERR
2026-08-02T19:53:51.4251306+00:00 ContainerStatus: Failed to start site. Revert by stopping site.
2026-08-02T19:53:51.4528511+00:00 ContainerStatus: State: Stopping, Action: StoppingSite, LastError: ContainerStartupFailure, LastErrorTimestamp: 08/02/2026 19:53:51, LastErrorDetails: Container exited with exit code 1 during startup after 1.8s. Please inspect your container logs for more details., Details: Site container: ahmad-securebank-app terminated during site startup. Cancelling site startup., DetailsLevel: ERR
2026-08-02T19:53:51.4711424+00:00 ContainerStatus: State: Stopping, Action: StoppingSiteContainers, LastError: ContainerStartupFailure, LastErrorTimestamp: 08/02/2026 19:53:51, LastErrorDetails: Container exited with exit code 1 during startup after 1.8s. Please inspect your container logs for more details., Details: Site container: ahmad-securebank-app terminated during site startup. Cancelling site startup., DetailsLevel: ERR
2026-08-02T19:53:51.9691133+00:00 ContainerStatus: Site container: ahmad-securebank-app_managedIdentity terminated during site startup.
2026-08-02T19:53:51.9694505+00:00 ContainerStatus: State: Stopping, Action: StoppingSiteContainers, LastError: ContainerStartupFailure, LastErrorTimestamp: 08/02/2026 19:53:51, LastErrorDetails: Container exited with exit code 1 during startup after 1.8s. Please inspect your container logs for more details., Details: Site container: ahmad-securebank-app terminated during site startup. Cancelling site startup., DetailsLevel: ERR
2026-08-02T19:53:51.9697073+00:00 ContainerStatus: Site: ahmad-securebank-app stopped.
========== New Cold Start Attempt (2026-08-02T19:54:54.9818733+00:00) ==========
2026-08-02T19:54:54.9818733+00:00 ContainerStatus: State: Starting, Action: EstablishingSiteNetworks, LastError: ContainerStartupFailure, LastErrorTimestamp: 08/02/2026 19:53:51, LastErrorDetails: Container exited with exit code 1 during startup after 1.8s. Please inspect your container logs for more details., Details: Site stopped at 08/02/2026 19:53:53 (UTC), DetailsLevel: WARN
2026-08-02T19:54:58.7264540+00:00 ContainerStatus: State: Starting, Action: StartingMsiContainer, LastError: ContainerStartupFailure, LastErrorTimestamp: 08/02/2026 19:53:51, LastErrorDetails: Container exited with exit code 1 during startup after 1.8s. Please inspect your container logs for more details., Details: Site stopped at 08/02/2026 19:53:53 (UTC), DetailsLevel: WARN
2026-08-02T19:55:55.1033007+00:00 ContainerStatus: State: Starting, Action: StartingSiteContainers, LastError: ContainerStartupFailure, LastErrorTimestamp: 08/02/2026 19:53:51, LastErrorDetails: Container exited with exit code 1 during startup after 1.8s. Please inspect your container logs for more details., Details: Site stopped at 08/02/2026 19:53:53 (UTC), DetailsLevel: WARN
2026-08-02T19:55:55.1036737+00:00 ContainerStatus: Container start method called.
2026-08-02T19:55:55.1037867+00:00 ContainerStatus: State: Starting, Action: PullingImage, LastError: ContainerStartupFailure, LastErrorTimestamp: 08/02/2026 19:53:51, LastErrorDetails: Container exited with exit code 1 during startup after 1.8s. Please inspect your container logs for more details., Details: Pulling image 10.1.0.6:13209/azure-app-service/java:21.0.9-r260110 for ahmad-securebank-app., DetailsLevel: INFO
2026-08-02T19:55:55.1040471+00:00 ContainerStatus: Establishing network.
2026-08-02T19:55:55.1041618+00:00 ContainerStatus: Pulling image: azure-app-service/java:21.0.9-r260110.
2026-08-02T19:55:55.3431719+00:00 ContainerStatus: Container is starting.
2026-08-02T19:55:55.3437009+00:00 ContainerStatus: State: Starting, Action: MountingVolumes, LastError: ContainerStartupFailure, LastErrorTimestamp: 08/02/2026 19:53:51, LastErrorDetails: Container exited with exit code 1 during startup after 1.8s. Please inspect your container logs for more details., Details: Mounting volumes for ahmad-securebank-app., DetailsLevel: INFO
2026-08-02T19:55:55.3443998+00:00 ContainerStatus: Establishing user namespace if not established already.
2026-08-02T19:55:55.3448552+00:00 ContainerStatus: Establishing network if not established already.
2026-08-02T19:55:55.3517511+00:00 ContainerStatus: Mounting volumes.
2026-08-02T19:55:55.3519523+00:00 ContainerStatus: Nested mountpoint 
2026-08-02T19:55:55.3647323+00:00 ContainerStatus: Nested mountpoint volatile/logs
2026-08-02T19:55:55.4516885+00:00 ContainerStatus: Nested mountpoint 
2026-08-02T19:55:55.4701016+00:00 ContainerStatus: Nested mountpoint 
2026-08-02T19:55:55.5221439+00:00 ContainerStatus: State: Starting, Action: CreatingContainer, LastError: ContainerStartupFailure, LastErrorTimestamp: 08/02/2026 19:53:51, LastErrorDetails: Container exited with exit code 1 during startup after 1.8s. Please inspect your container logs for more details., Details: Finished pulling container image and mounting volumes for ahmad-securebank-app. Allocatinng the rest of the container resources to finish container creation., DetailsLevel: INFO
2026-08-02T19:55:55.5222564+00:00 ContainerStatus: Creating container.
2026-08-02T19:55:55.5230494+00:00 ContainerStatus: Creating pipes for streaming container io.
2026-08-02T19:55:55.5495227+00:00 ContainerStatus: Creating stdout named pipe at /podr/container/pipe/e58f139e18d0_ahmad-securebank-app/stdout_1f0cda16a2f54030ab1f25e4ed74f1c1.
2026-08-02T19:55:55.5498755+00:00 ContainerStatus: Successfully created stdout named pipe at: /podr/container/pipe/e58f139e18d0_ahmad-securebank-app/stdout_1f0cda16a2f54030ab1f25e4ed74f1c1.
2026-08-02T19:55:55.5500338+00:00 ContainerStatus: Opening named pipe /podr/container/pipe/e58f139e18d0_ahmad-securebank-app/stdout_1f0cda16a2f54030ab1f25e4ed74f1c1 for reading in non-blocking mode.
2026-08-02T19:55:55.5501934+00:00 ContainerStatus: Successfully opened named pipe: /podr/container/pipe/e58f139e18d0_ahmad-securebank-app/stdout_1f0cda16a2f54030ab1f25e4ed74f1c1.
2026-08-02T19:55:55.5502928+00:00 ContainerStatus: Successfully removed non-blocking flag from /podr/container/pipe/e58f139e18d0_ahmad-securebank-app/stdout_1f0cda16a2f54030ab1f25e4ed74f1c1.
2026-08-02T19:55:55.5519125+00:00 ContainerStatus: Creating stderr named pipe at /podr/container/pipe/e58f139e18d0_ahmad-securebank-app/stderr_4daf9826fc5e4efdb092338a9d5a1651.
2026-08-02T19:55:55.5522030+00:00 ContainerStatus: Successfully created stderr named pipe at: /podr/container/pipe/e58f139e18d0_ahmad-securebank-app/stderr_4daf9826fc5e4efdb092338a9d5a1651.
2026-08-02T19:55:55.5652059+00:00 ContainerStatus: Opening named pipe /podr/container/pipe/e58f139e18d0_ahmad-securebank-app/stderr_4daf9826fc5e4efdb092338a9d5a1651 for reading in non-blocking mode.
2026-08-02T19:55:55.5653409+00:00 ContainerStatus: Successfully opened named pipe: /podr/container/pipe/e58f139e18d0_ahmad-securebank-app/stderr_4daf9826fc5e4efdb092338a9d5a1651.
2026-08-02T19:55:55.5691415+00:00 ContainerStatus: Successfully removed non-blocking flag from /podr/container/pipe/e58f139e18d0_ahmad-securebank-app/stderr_4daf9826fc5e4efdb092338a9d5a1651.
2026-08-02T19:55:55.5723460+00:00 ContainerStatus: Overriding PORT environment variable with pre-calculated port: 80.
2026-08-02T19:55:55.5724088+00:00 ContainerStatus: Setting value of PORT variable to 80
2026-08-02T19:55:55.5725587+00:00 ContainerStatus: Creating container with image: azure-app-service/java:21.0.9-r260110 from registry: 10.1.0.6:13209 and fully qualified image name: 10.1.0.6:13209/azure-app-service/java:21.0.9-r260110
2026-08-02T19:55:56.2807773+00:00 ContainerStatus: Starting container: e58f139e18d0_ahmad-securebank-app.
2026-08-02T19:55:56.3906463+00:00 ContainerStatus: Starting watchers and probes.
2026-08-02T19:55:56.3912910+00:00 ContainerStatus: Starting metrics collection.
2026-08-02T19:55:56.3916160+00:00 ContainerStatus: Container is running.
2026-08-02T19:55:56.3917725+00:00 ContainerStatus: State: Starting, Action: CreatingContainer, LastError: ContainerStartupFailure, LastErrorTimestamp: 08/02/2026 19:53:51, LastErrorDetails: Container exited with exit code 1 during startup after 1.8s. Please inspect your container logs for more details., Details: Container ahmad-securebank-app successfully created and is running., DetailsLevel: INFO
2026-08-02T19:55:56.5574013+00:00 ContainerStatus: Container start method finished after 1453 ms.
2026-08-02T19:55:56.5576541+00:00 ContainerStatus: State: Starting, Action: InitiatingSiteWarmUpProbe, LastError: ContainerStartupFailure, LastErrorTimestamp: 08/02/2026 19:53:51, LastErrorDetails: Container exited with exit code 1 during startup after 1.8s. Please inspect your container logs for more details., Details: Container ahmad-securebank-app successfully created and is running., DetailsLevel: INFO
2026-08-02T19:55:56.5577414+00:00 ContainerStatus: State: Starting, Action: WaitingForSiteWarmUpProbeSuccess, LastError: ContainerStartupFailure, LastErrorTimestamp: 08/02/2026 19:53:51, LastErrorDetails: Container exited with exit code 1 during startup after 1.8s. Please inspect your container logs for more details., Details: Pinging warmup path to ensure container is ready to receive requests., DetailsLevel: INFO
2026-08-02T19:55:56.8312971+00:00 ContainerStream:    _|_|                                            
2026-08-02T19:55:56.8495717+00:00 ContainerStream:  _|    _|  _|_|_|_|  _|    _|  _|  _|_|    _|_|    
2026-08-02T19:55:56.8495954+00:00 ContainerStream:  _|_|_|_|      _|    _|    _|  _|_|      _|_|_|_|  
2026-08-02T19:55:56.8495995+00:00 ContainerStream:  _|    _|    _|      _|    _|  _|        _|        
2026-08-02T19:55:56.8496028+00:00 ContainerStream:  _|    _|  _|_|_|_|    _|_|_|  _|          _|_|_|
2026-08-02T19:55:56.8496055+00:00 ContainerStream: 
2026-08-02T19:55:56.8496100+00:00 ContainerStream:      J A V A   O N   A P P   S E R V I C E
2026-08-02T19:55:56.8496176+00:00 ContainerStream: 
2026-08-02T19:55:56.8496209+00:00 ContainerStream: Documentation: https://aka.ms/appservice
2026-08-02T19:55:56.8496237+00:00 ContainerStream: 
2026-08-02T19:55:56.8496292+00:00 ContainerStream: **NOTE**: No files or system changes outside of /home will persist beyond your application's current session. /home is your application's persistent storage and is shared across all the server instances.
2026-08-02T19:55:56.8496322+00:00 ContainerStream: 
2026-08-02T19:55:56.8496347+00:00 ContainerStream: 
2026-08-02T19:55:56.8506132+00:00 ContainerStream: Determined OS to be: ubuntu
2026-08-02T19:55:56.8506264+00:00 ContainerStream: Updating /etc/ssh/sshd_config to use PORT 2222
2026-08-02T19:55:56.8815651+00:00 ContainerStream: Starting ssh service...
2026-08-02T19:55:57.1599864+00:00 ContainerStream: ssh-keygen: generating new host keys: DSA 
2026-08-02T19:55:57.3995277+00:00 ContainerStream:  * Starting OpenBSD Secure Shell server sshd
2026-08-02T19:55:57.4767015+00:00 ContainerStream:    ...done.
2026-08-02T19:55:57.6495465+00:00 ContainerStream:  * sshd is running
2026-08-02T19:55:57.6687317+00:00 ContainerStream: ## Printing build info...
2026-08-02T19:55:57.6701625+00:00 ContainerStream:                                            PACKAGE |                             VERSION | COMMIT
2026-08-02T19:55:57.6701861+00:00 ContainerStream:        Microsoft.AppService.WebsitesExtensionsJava |                        1.0.03290234 | ae284a4
2026-08-02T19:55:57.6701903+00:00 ContainerStream:                                               self |                        1.0.03296336 | 76247a61
2026-08-02T19:55:57.6702069+00:00 ContainerStream: ## Done printing build info.
2026-08-02T19:55:57.6702110+00:00 ContainerStream: Container info: WEBSITE_INSTANCE_ID = 7d4ee311498b261eb996c3c5566ae5bbd227759952a6214551a3ab4312f134f3 ; WEBSITE_SITE_NAME = ahmad-securebank-app
2026-08-02T19:55:57.6991991+00:00 ContainerStream: Add public certificates to keystore if exists...
2026-08-02T19:55:57.7003994+00:00 ContainerStream: Add private certificates to keystore if exists...
2026-08-02T19:55:57.7086019+00:00 ContainerStream: Configuring max heap = 1299 MB
2026-08-02T19:55:57.7595115+00:00 ContainerStream: STARTUP_FILE=
2026-08-02T19:55:57.7673417+00:00 ContainerStream: STARTUP_COMMAND=java -jar /home/site/wwwroot/app.jar
2026-08-02T19:55:57.7673702+00:00 ContainerStream: No STARTUP_FILE available.
2026-08-02T19:55:57.7673758+00:00 ContainerStream: Running STARTUP_COMMAND: java -jar /home/site/wwwroot/app.jar
2026-08-02T19:55:57.7892726+00:00 ContainerStream: Error: Unable to access jarfile /home/site/wwwroot/app.jar
2026-08-02T19:55:57.7955266+00:00 ContainerStream: Finished running startup file 'java -jar /home/site/wwwroot/app.jar'. Exit code: '1'.
2026-08-02T19:55:57.7963822+00:00 ContainerStream: Custom startup complete. Now, exiting with exit code '1'
2026-08-02T19:55:57.8336364+00:00 ContainerStatus: Container has finished running with exit code: 1.
2026-08-02T19:55:57.8344109+00:00 ContainerStatus: Container is terminating. Grace period: 5 seconds.
2026-08-02T19:55:57.8358139+00:00 ContainerStatus: Stop and delete container. Retry count = 0
2026-08-02T19:55:57.8363256+00:00 ContainerStatus: Stopping container: e58f139e18d0_ahmad-securebank-app.
2026-08-02T19:55:57.9410635+00:00 ContainerStatus: Deleting container: e58f139e18d0_ahmad-securebank-app. Retry count = 0
2026-08-02T19:55:58.4518168+00:00 ContainerStatus: Container spec TerminationMessagePolicy  path 
2026-08-02T19:55:58.4519446+00:00 ContainerStatus: Container is terminated. Total time elapsed: 617 ms.
2026-08-02T19:55:58.4520075+00:00 ContainerStatus: Site container: ahmad-securebank-app terminated during site startup.
2026-08-02T19:55:58.4520906+00:00 ContainerStatus: State: Stopping, Action: CancellingStartup, LastError: ContainerStartupFailure, LastErrorTimestamp: 08/02/2026 19:53:51, LastErrorDetails: Container exited with exit code 1 during startup after 1.8s. Please inspect your container logs for more details., Details: Site container: ahmad-securebank-app terminated during site startup. Cancelling site startup., DetailsLevel: ERR
2026-08-02T19:55:58.4544009+00:00 ContainerStatus: Site startup probe failed after 1.8962255 seconds.
2026-08-02T19:55:58.7178658+00:00 ContainerStatus: State: Stopping, Action: CancellingStartup, LastError: ContainerStartupFailure, LastErrorTimestamp: 08/02/2026 19:55:58, LastErrorDetails: Container exited with exit code 1 during startup after 2.1s. Please inspect your container logs for more details., Details: Site container: ahmad-securebank-app terminated during site startup. Cancelling site startup., DetailsLevel: ERR
2026-08-02T19:55:58.7188973+00:00 ContainerStatus: Failed to start site. Revert by stopping site.
2026-08-02T19:55:58.7189911+00:00 ContainerStatus: State: Stopping, Action: StoppingSite, LastError: ContainerStartupFailure, LastErrorTimestamp: 08/02/2026 19:55:58, LastErrorDetails: Container exited with exit code 1 during startup after 2.1s. Please inspect your container logs for more details., Details: Site container: ahmad-securebank-app terminated during site startup. Cancelling site startup., DetailsLevel: ERR
2026-08-02T19:55:58.7191516+00:00 ContainerStatus: State: Stopping, Action: StoppingSiteContainers, LastError: ContainerStartupFailure, LastErrorTimestamp: 08/02/2026 19:55:58, LastErrorDetails: Container exited with exit code 1 during startup after 2.1s. Please inspect your container logs for more details., Details: Site container: ahmad-securebank-app terminated during site startup. Cancelling site startup., DetailsLevel: ERR
2026-08-02T19:55:59.3936521+00:00 ContainerStatus: Site container: ahmad-securebank-app_managedIdentity terminated during site startup.
2026-08-02T19:55:59.3941189+00:00 ContainerStatus: State: Stopping, Action: StoppingSiteContainers, LastError: ContainerStartupFailure, LastErrorTimestamp: 08/02/2026 19:55:58, LastErrorDetails: Container exited with exit code 1 during startup after 2.1s. Please inspect your container logs for more details., Details: Site container: ahmad-securebank-app terminated during site startup. Cancelling site startup., DetailsLevel: ERR
2026-08-02T19:55:59.3942324+00:00 ContainerStatus: Site: ahmad-securebank-app stopped.
========== New Cold Start Attempt (2026-08-02T19:55:59.4053292+00:00) ==========
2026-08-02T19:55:59.4053292+00:00 ContainerStatus: State: Stopping, Action: UnmountingVolumes, LastError: ContainerStartupFailure, LastErrorTimestamp: 08/02/2026 19:55:58, LastErrorDetails: Container exited with exit code 1 during startup after 2.1s. Please inspect your container logs for more details., Details: Site container: ahmad-securebank-app terminated during site startup. Cancelling site startup., DetailsLevel: ERR
2026-08-02T19:55:59.9098003+00:00 ContainerStatus: State: Stopping, Action: StoppingSiteNetworks, LastError: ContainerStartupFailure, LastErrorTimestamp: 08/02/2026 19:55:58, LastErrorDetails: Container exited with exit code 1 during startup after 2.1s. Please inspect your container logs for more details., Details: Site container: ahmad-securebank-app terminated during site startup. Cancelling site startup., DetailsLevel: ERR
2026-08-02T19:56:00.4146271+00:00 ContainerStatus: State: Stopped, Action: None, LastError: ContainerStartupFailure, LastErrorTimestamp: 08/02/2026 19:55:58, LastErrorDetails: Container exited with exit code 1 during startup after 2.1s. Please inspect your container logs for more details., Details: Site stopped at 08/02/2026 19:56:00 (UTC), DetailsLevel: ERR
2026-08-02T19:56:01.1255506+00:00 ContainerStatus: State: Stopped, Action: None, LastError: ContainerStartupFailure, LastErrorTimestamp: 08/02/2026 19:55:58, LastErrorDetails: Container exited with exit code 1 during startup after 2.1s. Please inspect your container logs for more details., Details: Site stopped at 08/02/2026 19:56:00 (UTC), DetailsLevel: ERR
2026-08-02T19:56:01.5115216+00:00 ContainerStatus: State: Starting, Action: EstablishingSiteNetworks, LastError: ContainerStartupFailure, LastErrorTimestamp: 08/02/2026 19:55:58, LastErrorDetails: Container exited with exit code 1 during startup after 2.1s. Please inspect your container logs for more details., Details: Site stopped at 08/02/2026 19:56:00 (UTC), DetailsLevel: ERR
2026-08-02T19:56:07.3030286+00:00 ContainerStatus: State: Starting, Action: StartingMsiContainer, LastError: ContainerStartupFailure, LastErrorTimestamp: 08/02/2026 19:55:58, LastErrorDetails: Container exited with exit code 1 during startup after 2.1s. Please inspect your container logs for more details., Details: Site stopped at 08/02/2026 19:56:00 (UTC), DetailsLevel: ERR
2026-08-02T19:56:55.2915973+00:00 ContainerStatus: State: Starting, Action: StartingSiteContainers, LastError: ContainerStartupFailure, LastErrorTimestamp: 08/02/2026 19:55:58, LastErrorDetails: Container exited with exit code 1 during startup after 2.1s. Please inspect your container logs for more details., Details: Site stopped at 08/02/2026 19:56:00 (UTC), DetailsLevel: ERR
2026-08-02T19:56:55.2917653+00:00 ContainerStatus: Container start method called.
2026-08-02T19:56:55.2918383+00:00 ContainerStatus: State: Starting, Action: PullingImage, LastError: ContainerStartupFailure, LastErrorTimestamp: 08/02/2026 19:55:58, LastErrorDetails: Container exited with exit code 1 during startup after 2.1s. Please inspect your container logs for more details., Details: Pulling image 10.1.0.6:13209/azure-app-service/java:21.0.9-r260110 for ahmad-securebank-app., DetailsLevel: INFO
2026-08-02T19:56:55.2919069+00:00 ContainerStatus: Establishing network.
2026-08-02T19:56:55.2919757+00:00 ContainerStatus: Pulling image: azure-app-service/java:21.0.9-r260110.
2026-08-02T19:56:55.5994717+00:00 ContainerStatus: Container is starting.
2026-08-02T19:56:55.5995790+00:00 ContainerStatus: State: Starting, Action: MountingVolumes, LastError: ContainerStartupFailure, LastErrorTimestamp: 08/02/2026 19:55:58, LastErrorDetails: Container exited with exit code 1 during startup after 2.1s. Please inspect your container logs for more details., Details: Mounting volumes for ahmad-securebank-app., DetailsLevel: INFO
2026-08-02T19:56:55.5996762+00:00 ContainerStatus: Establishing user namespace if not established already.
2026-08-02T19:56:55.5997716+00:00 ContainerStatus: Establishing network if not established already.
2026-08-02T19:56:55.5998665+00:00 ContainerStatus: Mounting volumes.
2026-08-02T19:56:55.6004098+00:00 ContainerStatus: Nested mountpoint 
2026-08-02T19:56:55.6696162+00:00 ContainerStatus: Nested mountpoint volatile/logs
2026-08-02T19:56:55.7017589+00:00 ContainerStatus: Nested mountpoint 
2026-08-02T19:56:55.7101374+00:00 ContainerStatus: Nested mountpoint 
2026-08-02T19:56:55.8016158+00:00 ContainerStatus: State: Starting, Action: CreatingContainer, LastError: ContainerStartupFailure, LastErrorTimestamp: 08/02/2026 19:55:58, LastErrorDetails: Container exited with exit code 1 during startup after 2.1s. Please inspect your container logs for more details., Details: Finished pulling container image and mounting volumes for ahmad-securebank-app. Allocatinng the rest of the container resources to finish container creation., DetailsLevel: INFO
2026-08-02T19:56:55.8016953+00:00 ContainerStatus: Creating container.
2026-08-02T19:56:55.8211480+00:00 ContainerStatus: Creating pipes for streaming container io.
2026-08-02T19:56:55.8279855+00:00 ContainerStatus: Creating stdout named pipe at /podr/container/pipe/93d65ca1f942_ahmad-securebank-app/stdout_d4c9ee02aa24488294e9fdd22ffe3f44.
2026-08-02T19:56:55.8299985+00:00 ContainerStatus: Successfully created stdout named pipe at: /podr/container/pipe/93d65ca1f942_ahmad-securebank-app/stdout_d4c9ee02aa24488294e9fdd22ffe3f44.
2026-08-02T19:56:55.8310006+00:00 ContainerStatus: Opening named pipe /podr/container/pipe/93d65ca1f942_ahmad-securebank-app/stdout_d4c9ee02aa24488294e9fdd22ffe3f44 for reading in non-blocking mode.
2026-08-02T19:56:55.8574943+00:00 ContainerStatus: Successfully opened named pipe: /podr/container/pipe/93d65ca1f942_ahmad-securebank-app/stdout_d4c9ee02aa24488294e9fdd22ffe3f44.
2026-08-02T19:56:55.8576225+00:00 ContainerStatus: Successfully removed non-blocking flag from /podr/container/pipe/93d65ca1f942_ahmad-securebank-app/stdout_d4c9ee02aa24488294e9fdd22ffe3f44.
2026-08-02T19:56:55.8699474+00:00 ContainerStatus: Creating stderr named pipe at /podr/container/pipe/93d65ca1f942_ahmad-securebank-app/stderr_d70e40a9e80b4240b18536a9ec2f0e23.
2026-08-02T19:56:55.8706547+00:00 ContainerStatus: Successfully created stderr named pipe at: /podr/container/pipe/93d65ca1f942_ahmad-securebank-app/stderr_d70e40a9e80b4240b18536a9ec2f0e23.
2026-08-02T19:56:55.8709737+00:00 ContainerStatus: Opening named pipe /podr/container/pipe/93d65ca1f942_ahmad-securebank-app/stderr_d70e40a9e80b4240b18536a9ec2f0e23 for reading in non-blocking mode.
2026-08-02T19:56:55.8783471+00:00 ContainerStatus: Successfully opened named pipe: /podr/container/pipe/93d65ca1f942_ahmad-securebank-app/stderr_d70e40a9e80b4240b18536a9ec2f0e23.
2026-08-02T19:56:55.8980182+00:00 ContainerStatus: Successfully removed non-blocking flag from /podr/container/pipe/93d65ca1f942_ahmad-securebank-app/stderr_d70e40a9e80b4240b18536a9ec2f0e23.
2026-08-02T19:56:55.8982302+00:00 ContainerStatus: Overriding PORT environment variable with pre-calculated port: 80.
2026-08-02T19:56:55.8983432+00:00 ContainerStatus: Setting value of PORT variable to 80
2026-08-02T19:56:55.8985059+00:00 ContainerStatus: Creating container with image: azure-app-service/java:21.0.9-r260110 from registry: 10.1.0.6:13209 and fully qualified image name: 10.1.0.6:13209/azure-app-service/java:21.0.9-r260110
2026-08-02T19:56:56.6307826+00:00 ContainerStatus: Starting container: 93d65ca1f942_ahmad-securebank-app.
2026-08-02T19:56:56.7667104+00:00 ContainerStatus: Starting watchers and probes.
2026-08-02T19:56:56.7672827+00:00 ContainerStatus: Starting metrics collection.
2026-08-02T19:56:56.7674930+00:00 ContainerStatus: Container is running.
2026-08-02T19:56:56.7677044+00:00 ContainerStatus: State: Starting, Action: CreatingContainer, LastError: ContainerStartupFailure, LastErrorTimestamp: 08/02/2026 19:55:58, LastErrorDetails: Container exited with exit code 1 during startup after 2.1s. Please inspect your container logs for more details., Details: Container ahmad-securebank-app successfully created and is running., DetailsLevel: INFO
2026-08-02T19:56:56.8931389+00:00 ContainerStatus: Container start method finished after 1573 ms.
2026-08-02T19:56:56.8936161+00:00 ContainerStatus: State: Starting, Action: InitiatingSiteWarmUpProbe, LastError: ContainerStartupFailure, LastErrorTimestamp: 08/02/2026 19:55:58, LastErrorDetails: Container exited with exit code 1 during startup after 2.1s. Please inspect your container logs for more details., Details: Container ahmad-securebank-app successfully created and is running., DetailsLevel: INFO
2026-08-02T19:56:56.8937095+00:00 ContainerStatus: State: Starting, Action: WaitingForSiteWarmUpProbeSuccess, LastError: ContainerStartupFailure, LastErrorTimestamp: 08/02/2026 19:55:58, LastErrorDetails: Container exited with exit code 1 during startup after 2.1s. Please inspect your container logs for more details., Details: Pinging warmup path to ensure container is ready to receive requests., DetailsLevel: INFO
2026-08-02T19:56:57.0311440+00:00 ContainerStream:    _|_|                                            
2026-08-02T19:56:57.0311828+00:00 ContainerStream:  _|    _|  _|_|_|_|  _|    _|  _|  _|_|    _|_|    
2026-08-02T19:56:57.0311871+00:00 ContainerStream:  _|_|_|_|      _|    _|    _|  _|_|      _|_|_|_|  
2026-08-02T19:56:57.0311899+00:00 ContainerStream:  _|    _|    _|      _|    _|  _|        _|        
2026-08-02T19:56:57.0311924+00:00 ContainerStream:  _|    _|  _|_|_|_|    _|_|_|  _|          _|_|_|
2026-08-02T19:56:57.0311941+00:00 ContainerStream: 
2026-08-02T19:56:57.0311962+00:00 ContainerStream:      J A V A   O N   A P P   S E R V I C E
2026-08-02T19:56:57.0311979+00:00 ContainerStream: 
2026-08-02T19:56:57.0311999+00:00 ContainerStream: Documentation: https://aka.ms/appservice
2026-08-02T19:56:57.0312016+00:00 ContainerStream: 
2026-08-02T19:56:57.0312148+00:00 ContainerStream: **NOTE**: No files or system changes outside of /home will persist beyond your application's current session. /home is your application's persistent storage and is shared across all the server instances.
2026-08-02T19:56:57.0312169+00:00 ContainerStream: 
2026-08-02T19:56:57.0312186+00:00 ContainerStream: 
2026-08-02T19:56:57.0312422+00:00 ContainerStream: Determined OS to be: ubuntu
2026-08-02T19:56:57.0312451+00:00 ContainerStream: Updating /etc/ssh/sshd_config to use PORT 2222
2026-08-02T19:56:57.1033339+00:00 ContainerStream: Starting ssh service...
2026-08-02T19:56:57.3187980+00:00 ContainerStream: ssh-keygen: generating new host keys: DSA 
2026-08-02T19:56:57.5191751+00:00 ContainerStream:  * Starting OpenBSD Secure Shell server sshd
2026-08-02T19:56:57.5857646+00:00 ContainerStream:    ...done.
2026-08-02T19:56:57.7310115+00:00 ContainerStream:  * sshd is running
2026-08-02T19:56:57.7489983+00:00 ContainerStream: ## Printing build info...
2026-08-02T19:56:57.7612753+00:00 ContainerStream:                                            PACKAGE |                             VERSION | COMMIT
2026-08-02T19:56:57.7682299+00:00 ContainerStream:        Microsoft.AppService.WebsitesExtensionsJava |                        1.0.03290234 | ae284a4
2026-08-02T19:56:57.7682363+00:00 ContainerStream:                                               self |                        1.0.03296336 | 76247a61
2026-08-02T19:56:57.7686363+00:00 ContainerStream: ## Done printing build info.
2026-08-02T19:56:57.7689451+00:00 ContainerStream: Container info: WEBSITE_INSTANCE_ID = 7d4ee311498b261eb996c3c5566ae5bbd227759952a6214551a3ab4312f134f3 ; WEBSITE_SITE_NAME = ahmad-securebank-app
2026-08-02T19:56:57.8093923+00:00 ContainerStream: Add public certificates to keystore if exists...
2026-08-02T19:56:57.8188489+00:00 ContainerStream: Add private certificates to keystore if exists...
2026-08-02T19:56:57.8188758+00:00 ContainerStream: Configuring max heap = 1299 MB
2026-08-02T19:56:57.8853455+00:00 ContainerStream: STARTUP_FILE=
2026-08-02T19:56:57.8865509+00:00 ContainerStream: STARTUP_COMMAND=java -jar /home/site/wwwroot/app.jar
2026-08-02T19:56:57.8880984+00:00 ContainerStream: No STARTUP_FILE available.
2026-08-02T19:56:57.8950850+00:00 ContainerStream: Running STARTUP_COMMAND: java -jar /home/site/wwwroot/app.jar
2026-08-02T19:56:57.9149328+00:00 ContainerStream: Error: Unable to access jarfile /home/site/wwwroot/app.jar
2026-08-02T19:56:57.9165628+00:00 ContainerStream: Finished running startup file 'java -jar /home/site/wwwroot/app.jar'. Exit code: '1'.
2026-08-02T19:56:57.9178346+00:00 ContainerStream: Custom startup complete. Now, exiting with exit code '1'
2026-08-02T19:56:57.9768142+00:00 ContainerStatus: Container has finished running with exit code: 1.
2026-08-02T19:56:57.9770797+00:00 ContainerStatus: Container is terminating. Grace period: 5 seconds.
2026-08-02T19:56:57.9844551+00:00 ContainerStatus: Stop and delete container. Retry count = 0
2026-08-02T19:56:57.9847166+00:00 ContainerStatus: Stopping container: 93d65ca1f942_ahmad-securebank-app.
2026-08-02T19:56:58.3391846+00:00 ContainerStatus: Deleting container: 93d65ca1f942_ahmad-securebank-app. Retry count = 0
2026-08-02T19:56:58.8719592+00:00 ContainerStatus: Container spec TerminationMessagePolicy  path 
2026-08-02T19:56:58.8727657+00:00 ContainerStatus: Container is terminated. Total time elapsed: 894 ms.
2026-08-02T19:56:58.8732966+00:00 ContainerStatus: Site container: ahmad-securebank-app terminated during site startup.
2026-08-02T19:56:58.8737978+00:00 ContainerStatus: State: Stopping, Action: CancellingStartup, LastError: ContainerStartupFailure, LastErrorTimestamp: 08/02/2026 19:55:58, LastErrorDetails: Container exited with exit code 1 during startup after 2.1s. Please inspect your container logs for more details., Details: Site container: ahmad-securebank-app terminated during site startup. Cancelling site startup., DetailsLevel: ERR
2026-08-02T19:56:58.8813277+00:00 ContainerStatus: Site startup probe failed after 1.9563941 seconds.
2026-08-02T19:56:59.2074847+00:00 ContainerStatus: State: Stopping, Action: CancellingStartup, LastError: ContainerStartupFailure, LastErrorTimestamp: 08/02/2026 19:56:59, LastErrorDetails: Container exited with exit code 1 during startup after 2.1s. Please inspect your container logs for more details., Details: Site container: ahmad-securebank-app terminated during site startup. Cancelling site startup., DetailsLevel: ERR
2026-08-02T19:56:59.2547753+00:00 ContainerStatus: Failed to start site. Revert by stopping site.
2026-08-02T19:56:59.2557046+00:00 ContainerStatus: State: Stopping, Action: StoppingSite, LastError: ContainerStartupFailure, LastErrorTimestamp: 08/02/2026 19:56:59, LastErrorDetails: Container exited with exit code 1 during startup after 2.1s. Please inspect your container logs for more details., Details: Site container: ahmad-securebank-app terminated during site startup. Cancelling site startup., DetailsLevel: ERR
2026-08-02T19:56:59.2569394+00:00 ContainerStatus: State: Stopping, Action: StoppingSiteContainers, LastError: ContainerStartupFailure, LastErrorTimestamp: 08/02/2026 19:56:59, LastErrorDetails: Container exited with exit code 1 during startup after 2.1s. Please inspect your container logs for more details., Details: Site container: ahmad-securebank-app terminated during site startup. Cancelling site startup., DetailsLevel: ERR
2026-08-02T19:56:59.7929198+00:00 ContainerStatus: Site container: ahmad-securebank-app_managedIdentity terminated during site startup.
2026-08-02T19:56:59.8001660+00:00 ContainerStatus: State: Stopping, Action: StoppingSiteContainers, LastError: ContainerStartupFailure, LastErrorTimestamp: 08/02/2026 19:56:59, LastErrorDetails: Container exited with exit code 1 during startup after 2.1s. Please inspect your container logs for more details., Details: Site container: ahmad-securebank-app terminated during site startup. Cancelling site startup., DetailsLevel: ERR
2026-08-02T19:56:59.8010498+00:00 ContainerStatus: Site: ahmad-securebank-app stopped.
